Date,Name,Year,Letterboxd URI,Rating,Rewatch,Tags,Watched Date
2023-05-11,HIT: The 2nd Case,2022,https://boxd.it/4eCn6P,3.5,,,2022-12-02
2023-05-11,Avatar: The Way of Water,2022,https://boxd.it/4eCm2n,3,,,2022-12-27
2023-05-11,Veera Simha Reddy,2023,https://boxd.it/4eCkVl,2,,,2023-01-11
2023-05-11,Waltair Veerayya,2023,https://boxd.it/4eCkvR,2,,,2023-01-12
2023-05-11,An Action Hero,2022,https://boxd.it/4eCm9N,3.5,,,2023-01-28
2023-05-11,Dhamaka,2022,https://boxd.it/4eClif,1.5,,,2023-01-30
2023-05-11,Ant-Man and the Wasp: Quantumania,2023,https://boxd.it/4eCk0f,2,,,2023-02-19
2023-05-11,"Monica, O My Darling",2022,https://boxd.it/4eCo1r,3,,,2023-03-14
2023-05-11,Dada,2023,https://boxd.it/4eCiJH,4,,,2023-03-17
2023-05-11,Writer Padmabhushan,2023,https://boxd.it/4eCjTX,3,,,2023-03-19
2023-05-11,Dasara,2023,https://boxd.it/4eCgP9,2.5,,,2023-03-30
2023-04-08,Bareilly Ki Barfi,2017,https://boxd.it/45sZ1d,3,,"ayushman khurana, rajkumar rao",2023-04-07
2023-04-08,Ravanasura,2023,https://boxd.it/45G8Ud,2.5,,,2023-04-08
2023-04-09,Eternal Sunshine of the Spotless Mind,2004,https://boxd.it/45XK2H,4,,,2023-04-09
2023-04-10,John Wick: Chapter 3 – Parabellum,2019,https://boxd.it/46mxuN,3,,,2023-04-10
2023-05-11,Romancham,2023,https://boxd.it/4eCj59,3,,,2023-04-10
2023-04-11,The Big Short,2015,https://boxd.it/46Ge2v,3,,,2023-04-11
2023-04-11,The Nice Guys,2016,https://boxd.it/46HeJh,4,,,2023-04-11
2023-04-12,Chor Nikal Ke Bhaga,2023,https://boxd.it/46LnWx,2.5,,,2023-04-11
2023-04-12,The Notebook,2004,https://boxd.it/46LpNn,3,,,2023-04-11
2023-04-14,The Intern,2015,https://boxd.it/47hF7L,3.5,,,2023-04-14
2023-04-14,Little Women,2019,https://boxd.it/47q3LL,3.5,,,2023-04-14
2023-04-23,The Man Who Knew Infinity,2015,https://boxd.it/49AXPH,2,,,2023-04-16
2023-04-15,GoodFellas,1990,https://boxd.it/47t4gP,4,,,2023-04-17
2023-04-23,The BFG,2016,https://boxd.it/49B0NJ,3,,,2023-04-19
2023-04-23,Virupaksha,2023,https://boxd.it/49ANJ5,3.5,,,2023-04-21
2023-04-23,Passengers,2016,https://boxd.it/49B9dP,3,,,2023-04-23
2023-04-23,The Banshees of Inisherin,2022,https://boxd.it/49BeTV,4,,,2023-04-25
2023-05-06,Guardians of the Galaxy Vol. 3,2023,https://boxd.it/4diXxD,3.5,,,2023-05-06
2023-05-11,Magnolia,1999,https://boxd.it/4eBfn7,4,,,2023-05-08
2023-05-11,Das Ka Dhamki,2023,https://boxd.it/4eChA5,2,,,2023-05-11
2023-05-11,Vaathi,2023,https://boxd.it/4eChZp,2.5,,,2023-05-11
2023-05-14,Shaun of the Dead,2004,https://boxd.it/4f7pd1,4,,,2023-05-13
2023-05-16,Air,2023,https://boxd.it/4fOedv,4,,,2023-05-16
2023-05-24,Mulholland Drive,2001,https://boxd.it/4hKpSz,4.5,,,2023-05-24
2023-05-28,Kaun?,1999,https://boxd.it/4itEJ3,4,,,2023-05-27
2023-06-05,Black Swan,2010,https://boxd.it/4kFaxj,4,,,2023-06-05
2023-06-09,Midnight in Paris,2011,https://boxd.it/4lJtWJ,3.5,,,2023-06-08
2023-06-10,2018,2023,https://boxd.it/4lYCv3,4,,,2023-06-09
2023-06-12,About Time,2013,https://boxd.it/4mvRMJ,5,,,2023-06-11
2023-06-15,Pachuvum Athbhuthavilakkum,2023,https://boxd.it/4njPY9,4.5,,,2023-06-14
2023-06-15,Save the Tigers,2023,https://boxd.it/4njQET,3,,,2023-06-14
2023-06-16,John Wick: Chapter 4,2023,https://boxd.it/4nHZKf,3,,,2023-06-16
2023-06-26,October,2018,https://boxd.it/4qIQNj,4,,,2023-06-26
2023-06-29,Whiplash,2014,https://boxd.it/4riCP3,5,,,2023-06-28
2023-06-30,Samajavaragamana,2023,https://boxd.it/4rOmxr,3.5,,,2023-06-30
2023-07-01,The Grand Budapest Hotel,2014,https://boxd.it/4s4gYN,4,,,2023-07-01
2023-07-02,Lady Bird,2017,https://boxd.it/4smbTJ,3.5,,,2023-07-02
2023-07-03,Dune,2021,https://boxd.it/4sKTHb,4,,,2023-07-03
2023-07-04,Cha Cha Real Smooth,2022,https://boxd.it/4sRtz5,5,,,2023-07-04
2023-07-04,Good Night,2023,https://boxd.it/4t3aGF,3,,,2023-07-04
2023-07-06,Arrival,2016,https://boxd.it/4trO5n,,,,2023-07-05
2023-07-11,Adipurush,2023,https://boxd.it/4v9bhB,2,,,2023-07-06
2023-07-11,Pokiri,2006,https://boxd.it/4v8CId,4,Yes,,2023-07-07
2023-07-08,Ready Player One,2018,https://boxd.it/4u11El,4,,,2023-07-08
2023-07-11,Son of Satyamurthy,2015,https://boxd.it/4v8SID,3,Yes,,2023-07-09
2023-07-15,KM 9,2022,https://boxd.it/4w6Mhr,3,,,2023-07-10
2023-07-11,Gifted,2017,https://boxd.it/4v8Aev,4,,,2023-07-11
2023-07-12,Frances Ha,2012,https://boxd.it/4vgGDH,3.5,,,2023-07-12
2023-07-13,Dear Zindagi,2016,https://boxd.it/4vzuDD,3.5,,,2023-07-13
2023-07-13,Other Side of the Box,2018,https://boxd.it/4vICDp,4,,,2023-07-13
2023-07-15,Anbe Sivam,2003,https://boxd.it/4w55EZ,4,,,2023-07-14
2023-07-16,Master,1997,https://boxd.it/4wmY7P,3,,,2023-07-15
2023-07-16,12 Angry Men,1957,https://boxd.it/4wr433,5,,,2023-07-16
2023-07-17,Wake Up Sid,2009,https://boxd.it/4wYSnD,3.5,,,2023-07-17
2023-07-17,Pulp Fiction,1994,https://boxd.it/4x0Ri7,4,,,2023-07-17
2023-07-18,Ready or Not,2019,https://boxd.it/4x6qzR,3.5,,,2023-07-18
2023-07-19,Back to the Future,1985,https://boxd.it/4xpgu1,5,,,2023-07-19
2023-07-19,Back to the Future,1985,https://boxd.it/4xDbEX,5,Yes,,2023-07-19
2023-07-19,Back to the Future Part II,1989,https://boxd.it/4xDcIh,4,,,2023-07-19
2023-07-20,Back to the Future Part III,1990,https://boxd.it/4xHF6z,3.5,,,2023-07-19
2023-07-21,Demolition,2015,https://boxd.it/4xZjpF,3.5,,,2023-07-20
2023-07-22,Mission: Impossible,1996,https://boxd.it/4ynYR9,3,,,2023-07-21
2023-07-23,The Worst Person in the World,2021,https://boxd.it/4yRMQt,4,,,2023-07-22
2023-07-23,Oppenheimer,2023,https://boxd.it/4zcBZB,4.5,,,2023-07-23
2023-07-24,Barbie,2023,https://boxd.it/4zmQe1,3,,,2023-07-24
2023-07-24,Whiplash,2014,https://boxd.it/4zH2Mf,5,Yes,,2023-07-24
2023-07-25,Zindagi Na Milegi Dobara,2011,https://boxd.it/4zKqyR,4,,,2023-07-24
2023-07-25,Inception,2010,https://boxd.it/4zQXyR,4,,,2023-07-25
2023-07-26,Veera Bhoga Vasantha Rayalu,2018,https://boxd.it/4Af2m5,3.5,Yes,,2023-07-25
2023-07-27,Mission: Impossible II,2000,https://boxd.it/4AAHoX,2,,,2023-07-26
2023-07-27,Silver Linings Playbook,2012,https://boxd.it/4AD3qF,4,,,2023-07-26
2023-07-28,Ee Nagaraniki Emaindi?,2018,https://boxd.it/4AYBqL,5,Yes,,2023-07-27
2023-07-28,Samajavaragamana,2023,https://boxd.it/4AZNH7,3,Yes,,2023-07-27
2023-07-29,2001: A Space Odyssey,1968,https://boxd.it/4Bo5q7,4,,,2023-07-28
2023-07-28,I Miss You,2023,https://boxd.it/4B0foH,4,,,2023-07-29
2023-07-30,Raksha,2008,https://boxd.it/4BXrcB,3,,,2023-07-30
2023-07-31,Memories of Murder,2003,https://boxd.it/4C6MBF,4,,,2023-07-30
2023-07-31,Mission: Impossible III,2006,https://boxd.it/4C9i9x,3.5,,,2023-07-30
2023-08-01,Mission: Impossible – Ghost Protocol,2011,https://boxd.it/4CAON9,4,,,2023-07-31
2023-08-02,Maamannan,2023,https://boxd.it/4CUODD,3,,,2023-08-01
2023-08-03,The Thing,1982,https://boxd.it/4DhKN1,4.5,,,2023-08-02
2023-08-04,Coherence,2013,https://boxd.it/4DB33p,4,,,2023-08-03
2023-08-04,Brochevarevarura,2019,https://boxd.it/4DCd5d,4,Yes,,2023-08-03
2023-08-05,Dhee,2007,https://boxd.it/4DVedv,3.5,Yes,,2023-08-04
2023-08-06,Babylon,2022,https://boxd.it/4EgGu7,4.5,,,2023-08-05
2023-08-06,Birdman or (The Unexpected Virtue of Ignorance),2014,https://boxd.it/4EwB0N,4.5,,,2023-08-06
2023-08-07,La La Land,2016,https://boxd.it/4ECR2d,4,Yes,,2023-08-06
2023-08-08,Spider-Man: Across the Spider-Verse,2023,https://boxd.it/4EZLHl,3.5,,,2023-08-07
2023-08-09,Pelli Choopulu,2016,https://boxd.it/4FiUGf,4,Yes,,2023-08-08
2023-08-10,Businessman,2012,https://boxd.it/4FCZsn,4.5,Yes,,2023-08-09
2023-08-11,No Hard Feelings,2023,https://boxd.it/4FWaWB,3,,,2023-08-10
2023-08-11,"Crazy, Stupid, Love.",2011,https://boxd.it/4G9dQR,3,,,2023-08-11
2023-08-13,Por Thozhil,2023,https://boxd.it/4Gy1Oz,3.5,,,2023-08-12
2023-08-14,Maaveeran,2023,https://boxd.it/4GUP67,3.5,,,2023-08-13
2023-08-15,Samajavaragamana,2023,https://boxd.it/4HiwxV,3,Yes,,2023-08-14
2023-08-16,The Shawshank Redemption,1994,https://boxd.it/4HyqZL,5,Yes,,2023-08-15
2023-08-16,The Edge of Seventeen,2016,https://boxd.it/4HD4H1,4.5,,,2023-08-16
2023-08-16,Boyhood,2014,https://boxd.it/4HQbAR,3.5,,,2023-08-16
2023-08-18,American Beauty,1999,https://boxd.it/4IcZgV,3.5,,,2023-08-17
2023-08-18,The Wolf of Wall Street,2013,https://boxd.it/4IfuU7,4.5,Yes,,2023-08-18
2023-08-19,Maaveeran,2023,https://boxd.it/4IIKHr,3.5,Yes,,2023-08-19
2023-08-20,Ready Player One,2018,https://boxd.it/4IMZqN,4,Yes,,2023-08-19
2023-08-20,Superbad,2007,https://boxd.it/4IQnPt,4,,,2023-08-20
2023-08-21,The Polar Express,2004,https://boxd.it/4J72Rd,3,,,2023-08-20
2023-08-23,Fight Club,1999,https://boxd.it/4JMZXB,5,Yes,,2023-08-21
2023-08-23,L.A. Confidential,1997,https://boxd.it/4JPGDD,4,,,2023-08-22
2023-08-23,Before Sunrise,1995,https://boxd.it/4K3h7l,4.5,,,2023-08-23
2023-08-25,Baby,2023,https://boxd.it/4Knvsx,2.5,,,2023-08-24
2023-08-25,Before Sunset,2004,https://boxd.it/4Kzxnj,4.5,,,2023-08-25
2023-08-27,Snowden,2016,https://boxd.it/4Lce4b,3,,,2023-08-26
2023-09-03,Little Miss Sunshine,2006,https://boxd.it/4Nkqeh,4,,,2023-09-03
2023-09-06,Ae Dil Hai Mushkil,2016,https://boxd.it/4O4wTx,2,,,2023-09-06
2023-09-10,Jawan,2023,https://boxd.it/4P4V7x,3,,,2023-09-08
2023-09-10,Miss. Shetty Mr. Polishetty,2023,https://boxd.it/4P4VAz,3,,,2023-09-09
2023-09-11,Jailer,2023,https://boxd.it/4Pt5mZ,3,,,2023-09-10
2023-09-13,It,2017,https://boxd.it/4QfqFf,3.5,Yes,,2023-09-13
2023-09-15,Normal People,2020,https://boxd.it/4Qw3tf,5,,,2023-09-14
2023-09-18,Schindler's List,1993,https://boxd.it/4RnXFR,5,,,2023-09-17
2023-09-19,The Nun II,2023,https://boxd.it/4RJQDj,2,,,2023-09-18
2023-09-21,PK,2014,https://boxd.it/4SqGQt,4,Yes,,2023-09-21
2023-09-25,Bedurulanka 2012,2023,https://boxd.it/4TBl3r,3,,,2023-09-24
2023-10-05,Adiyae!,2023,https://boxd.it/4WwpsH,3,,,2023-10-01
2023-10-06,Sapta Sagaradaache Ello – Side A,2023,https://boxd.it/4WN5hD,3,,,2023-10-04
2023-10-06,Cast Away,2000,https://boxd.it/4WQ8v5,4,,,2023-10-06
2023-10-06,The Terminal,2004,https://boxd.it/4X1Sgn,4,,,2023-10-06
2023-10-07,The Wonderful Story of Henry Sugar,2023,https://boxd.it/4X3S5X,4,,,2023-10-06
2023-10-07,Poison,2023,https://boxd.it/4X42MR,4,,,2023-10-06
2023-10-07,Stalled,2022,https://boxd.it/4X5rpP,3.5,,,2023-10-06
2023-10-08,Jurassic Park,1993,https://boxd.it/4XoOCl,4.5,,,2023-10-07
2023-10-08,Ex Machina,2015,https://boxd.it/4Xplzf,4.5,,,2023-10-07
2023-10-08,Ghostbusters,1984,https://boxd.it/4XIrPr,3.5,,,2023-10-08
2023-10-09,Ted,2012,https://boxd.it/4XQYjp,2.5,,,2023-10-08
2023-10-09,Uncut Gems,2019,https://boxd.it/4Y7rJ9,4.5,,,2023-10-09
2023-10-10,Requiem for a Dream,2000,https://boxd.it/4YcTxb,5,,,2023-10-09
2023-10-10,Children of Men,2006,https://boxd.it/4YsgMX,4,,,2023-10-10
2023-10-11,OMG 2,2023,https://boxd.it/4YxzkN,3.5,,,2023-10-10
2023-10-12,The Revenant,2015,https://boxd.it/4YR61H,4,,,2023-10-11
2023-10-12,Hacksaw Ridge,2016,https://boxd.it/4YT2Ql,5,,,2023-10-12
2023-10-13,Being John Malkovich,1999,https://boxd.it/4ZbMhx,4.5,,,2023-10-13
2023-10-13,Room,2015,https://boxd.it/4ZnkdB,4,,,2023-10-13
2023-10-15,Arunachalam,1997,https://boxd.it/4ZLSml,3.5,,,2023-10-14
2023-10-15,The Hateful Eight,2015,https://boxd.it/5064uh,4.5,,,2023-10-15
2023-10-16,Nocturnal Animals,2016,https://boxd.it/50a955,4.5,,,2023-10-15
2023-10-19,Apocalypto,2006,https://boxd.it/517XC7,4,,,2023-10-18
2023-10-20,Leo,2023,https://boxd.it/51ljTb,3,,,2023-10-19
2023-10-20,Karthik Calling Karthik,2010,https://boxd.it/51A59t,4,,,2023-10-20
2023-10-20,Oy!,2009,https://boxd.it/51Bvqx,4,Yes,,2023-10-20
2023-10-21,Bullet Train,2022,https://boxd.it/51SCK9,3.5,,,2023-10-21
2023-10-23,Karthik Calling Karthik,2010,https://boxd.it/52rf8h,4,Yes,,2023-10-22
2023-10-23,Mad Max: Fury Road,2015,https://boxd.it/52rjnF,4.5,,,2023-10-23
2023-10-24,RRR,2022,https://boxd.it/52IfJr,4,Yes,,2023-10-23
2023-10-24,Yavarum Nalam,2009,https://boxd.it/52IfS9,4.5,Yes,,2023-10-23
2023-10-24,Deadpool,2016,https://boxd.it/52IS7V,4,Yes,,2023-10-23
2023-10-25,Thappad,2020,https://boxd.it/53hmTN,3.5,,,2023-10-25
2023-10-25,Jojo Rabbit,2019,https://boxd.it/53iakD,4,,,2023-10-25
2023-10-27,Before Midnight,2013,https://boxd.it/53T0xr,4,,,2023-10-27
2023-10-30,Begin Again,2013,https://boxd.it/54G7Rr,4.5,,,2023-10-29
2023-10-31,Punch-Drunk Love,2002,https://boxd.it/55aEBV,4,,,2023-10-30
2023-11-01,Snatch,2000,https://boxd.it/55xc17,4,,,2023-10-31
2023-11-05,Keedaa Cola,2023,https://boxd.it/56QjFv,3.5,,,2023-11-04
2023-11-05,Maa Oori Polimera 2,2023,https://boxd.it/56TnoT,3.5,,,2023-11-04
2023-11-08,The Place Beyond the Pines,2012,https://boxd.it/57WNgV,4,,,2023-11-08
2023-11-08,MAD,2023,https://boxd.it/586Q0r,2.5,,,2023-11-08
2023-11-10,Oppenheimer,2023,https://boxd.it/58pkJd,4.5,Yes,,2023-11-09
2023-11-10,Soodhu Kavvum,2013,https://boxd.it/58sq9L,3.5,,,2023-11-09
2023-11-10,The Killer,2023,https://boxd.it/58Fl4n,3.5,,,2023-11-10
2023-11-11,Hostel Hudugaru Bekagiddare,2023,https://boxd.it/58GvaH,3,,,2023-11-10
2023-11-11,Godavari,2006,https://boxd.it/58Jta7,4,,,2023-11-10
2023-11-12,Irugapatru,2023,https://boxd.it/59kIF9,3.5,,,2023-11-12
2023-11-13,Jigarthanda DoubleX,2023,https://boxd.it/59puib,4,,,2023-11-12
2023-11-13,Into the Wild,2007,https://boxd.it/59tIXP,3.5,,,2023-11-13
2023-11-14,X-Men,2000,https://boxd.it/59M1gh,3,,,2023-11-13
2023-11-14,Kumari 21F,2015,https://boxd.it/59Qyqn,4,Yes,,2023-11-14
2023-11-16,Babel,2006,https://boxd.it/5ao0YN,4,,,2023-11-15
2023-11-18,The Night Manager,2016,https://boxd.it/5aX0rJ,4,,,2023-11-17
2023-11-19,Chinatown,1974,https://boxd.it/5bc8zB,4,,,2023-11-18
2023-11-20,Aftersun,2022,https://boxd.it/5bWeKH,4,,,2023-11-20
2023-11-21,Mystic River,2003,https://boxd.it/5bXVSB,4,,,2023-11-20
2023-11-21,Saving Private Ryan,1998,https://boxd.it/5bZDWf,4.5,,,2023-11-20
2023-11-21,Easy A,2010,https://boxd.it/5cfx8v,3.5,,,2023-11-21
2023-11-22,Brochevarevarura,2019,https://boxd.it/5cxRht,4.5,Yes,,2023-11-22
2023-11-23,Ferris Bueller's Day Off,1986,https://boxd.it/5czzQf,3.5,,,2023-11-22
2023-11-23,Shiva Baby,2020,https://boxd.it/5cDMI7,3.5,,,2023-11-23
2023-11-26,Leo,2023,https://boxd.it/5dAo0N,3,Yes,,2023-11-25
2023-11-26,The Town,2010,https://boxd.it/5dBBdR,3.5,,,2023-11-25
2023-11-27,The Lighthouse,2019,https://boxd.it/5epBvL,3,,,2023-11-27
2023-11-28,Tamasha,2015,https://boxd.it/5eJUu3,4.5,,,2023-11-28
2023-11-29,Mean Girls,2004,https://boxd.it/5eNL99,3.5,,,2023-11-28
2023-11-29,Locke,2013,https://boxd.it/5eOAn7,3.5,,,2023-11-28
2023-11-29,X,2022,https://boxd.it/5f2dBN,3.5,,,2023-11-29
2023-11-30,Reservoir Dogs,1992,https://boxd.it/5f7ytF,3.5,,,2023-11-29
2023-12-01,Chithha,2023,https://boxd.it/5fly7n,3.5,,,2023-11-30
2023-12-01,Palm Springs,2020,https://boxd.it/5fpnIF,5,,,2023-12-01
2023-12-02,Animal,2023,https://boxd.it/5fEm4T,4,,,2023-12-01
2023-12-02,When Harry Met Sally...,1989,https://boxd.it/5fHUWB,5,,,2023-12-02
2023-12-03,Mayakkam Enna,2011,https://boxd.it/5g3fmB,2.5,,,2023-12-03
2023-12-04,Gladiator,2000,https://boxd.it/5gkSxH,4.5,,,2023-12-03
2023-12-05,Leo,2023,https://boxd.it/5gQcJP,3,Yes,,2023-12-04
2023-12-05,War Dogs,2016,https://boxd.it/5gQcWf,3.5,,,2023-12-04
2023-12-06,Maaveeran,2023,https://boxd.it/5h6Mmf,3.5,Yes,,2023-12-05
2023-12-06,Killers of the Flower Moon,2023,https://boxd.it/5hkBDn,3.5,,,2023-12-05
2023-12-07,Lost in Translation,2003,https://boxd.it/5hqz0F,3.5,,,2023-12-06
2023-12-08,Danger,2005,https://boxd.it/5hIvpx,3.5,,,2023-12-07
2023-12-10,Hi Nanna,2023,https://boxd.it/5ilZTv,4,,,2023-12-09
2023-12-10,The Killing of a Sacred Deer,2017,https://boxd.it/5ipLxX,4.5,,,2023-12-10
2023-12-10,Scarface,1983,https://boxd.it/5iEy3F,3.5,,,2023-12-10
2023-12-11,Jersey,2019,https://boxd.it/5j7R7f,4.5,Yes,,2023-12-11
2023-12-12,The King of Comedy,1982,https://boxd.it/5jf3gx,4.5,,,2023-12-12
2023-12-13,Leave the World Behind,2023,https://boxd.it/5juQ7J,3.5,,,2023-12-12
2023-12-13,Maniac,2018,https://boxd.it/5jLH8x,3.5,,,2023-12-13
2023-12-14,Primal Fear,1996,https://boxd.it/5k6zKl,4,,,2023-12-14
2023-12-15,Dhoomam,2023,https://boxd.it/5kaoRt,3,,,2023-12-14
2023-12-15,Game Night,2018,https://boxd.it/5kcqsp,3.5,,,2023-12-15
2023-12-16,Eyes Wide Shut,1999,https://boxd.it/5kwLKp,5,,,2023-12-16
2023-12-17,Ante... Sundaraniki!,2022,https://boxd.it/5kRERF,4.5,Yes,,2023-12-16
2023-12-17,Chungking Express,1994,https://boxd.it/5kUcGP,3.5,,,2023-12-17
2023-12-17,Maanaadu,2021,https://boxd.it/5lahbT,3.5,Yes,,2023-12-17
2023-12-19,Sherlock Holmes,2009,https://boxd.it/5lGmBh,3.5,Yes,,2023-12-18
2023-12-19,The Reader,2008,https://boxd.it/5lK4PX,3.5,,,2023-12-19
2023-12-19,Knives Out,2019,https://boxd.it/5lXdhB,4,Yes,,2023-12-19
2023-12-21,Sherlock Holmes: A Game of Shadows,2011,https://boxd.it/5mtiPR,4,,,2023-12-20
2023-12-22,Groundhog Day,1993,https://boxd.it/5mQa9T,3.5,,,2023-12-21
2023-12-23,Split,2016,https://boxd.it/5nfzK1,4,,,2023-12-22
2023-12-23,Salaar: Part 1 - Ceasefire,2023,https://boxd.it/5nytxD,3.5,,,2023-12-22
2023-12-24,Unbreakable,2000,https://boxd.it/5nFUXH,3.5,,,2023-12-23
2023-12-25,Triangle,2009,https://boxd.it/5obpGp,3.5,,,2023-12-24
2023-12-25,Home Alone,1990,https://boxd.it/5owtKd,4,,,2023-12-25
2023-12-26,Shithouse,2020,https://boxd.it/5oyOZ3,4,,,2023-12-25
2023-12-26,Me and Earl and the Dying Girl,2015,https://boxd.it/5oDI5j,4.5,,,2023-12-25
2023-12-27,Mangalavaaram,2023,https://boxd.it/5pck6d,3.5,,,2023-12-26
2023-12-27,Chef,2014,https://boxd.it/5pg1Yj,4,,,2023-12-27
2023-12-28,Home Alone 2: Lost in New York,1992,https://boxd.it/5pOgD9,3.5,,,2023-12-27
2023-12-29,The Hunger Games,2012,https://boxd.it/5qgO0r,3.5,,,2023-12-28
2023-12-30,Juice,2017,https://boxd.it/5qYdmj,4,,,2023-12-29
2023-12-31,Parking,2023,https://boxd.it/5rCCu3,4.5,,,2023-12-30
2024-01-01,Parking,2023,https://boxd.it/5s7Po5,4.5,Yes,,2023-12-31
2024-01-01,12th Fail,2023,https://boxd.it/5s7PTR,4.5,,,2023-12-31
2024-01-01,Parking,2023,https://boxd.it/5ste9V,4.5,Yes,,2024-01-01
2024-01-01,Fight Club,1999,https://boxd.it/5sx8BH,5,Yes,,2024-01-01
2024-01-07,Society of the Snow,2023,https://boxd.it/5wBlhJ,3.5,,,2024-01-07
2024-01-10,Chekka Chivantha Vaanam,2018,https://boxd.it/5y19A1,2.5,,,2024-01-09
2024-01-12,The Green Mile,1999,https://boxd.it/5z6GHt,3.5,,,2024-01-12
2024-01-12,Guntur Kaaram,2024,https://boxd.it/5zpmux,2,,,2024-01-12
2024-01-13,Gravity,2013,https://boxd.it/5zwp8j,3.5,,,2024-01-12
2024-01-14,Saltburn,2023,https://boxd.it/5Aa571,3.5,,,2024-01-14
2024-01-15,Dumb Money,2023,https://boxd.it/5AO4Ot,3.5,,,2024-01-14
2024-01-15,The Holdovers,2023,https://boxd.it/5Bi0mZ,4,,,2024-01-15
2024-01-16,Pride & Prejudice,2005,https://boxd.it/5BqZwx,3.5,,,2024-01-16
2024-01-17,Paterson,2016,https://boxd.it/5BYQNH,3.5,,,2024-01-17
2024-01-19,Avatar: The Way of Water,2022,https://boxd.it/5CT45h,3.5,Yes,,2024-01-18
2024-01-19,Sleepless in Seattle,1993,https://boxd.it/5CTUKL,4.5,,,2024-01-19
2024-01-20,Naanum Rowdydhaan,2015,https://boxd.it/5Di0If,3.5,,,2024-01-19
2024-01-21,Salaar: Part 1 - Ceasefire,2023,https://boxd.it/5DLxjv,3.5,Yes,,2024-01-20
2024-01-21,Raja Raja Chora,2021,https://boxd.it/5DQ5Dd,4,Yes,,2024-01-20
2024-01-26,Hanu-Man,2024,https://boxd.it/5GjYlJ,3.5,,,2024-01-25
2024-01-28,You've Got Mail,1998,https://boxd.it/5HL2wp,4,,,2024-01-28
2024-02-04,Sapta Sagaradaache Ello - Side B,2023,https://boxd.it/5KAmPh,3.5,,,2024-02-03
2024-02-04,Phone Booth,2002,https://boxd.it/5KLoMV,4,,,2024-02-04
2024-02-10,Guntur Kaaram,2024,https://boxd.it/5Nn2P3,3,Yes,,2024-02-09
2024-02-11,Sicario,2015,https://boxd.it/5NSMgF,4,,,2024-02-11
2024-02-11,Chhichhore,2019,https://boxd.it/5Oebwv,4,Yes,,2024-02-11
2024-02-12,Knives Out,2019,https://boxd.it/5OIr1t,4,Yes,,2024-02-12
2024-02-15,Battle of the Sexes,2017,https://boxd.it/5PG7Y1,3.5,,,2024-02-14
2024-02-19,Joker,2019,https://boxd.it/5Rr5R1,3.5,Yes,,2024-02-18
2024-02-19,Saba Nayagan,2023,https://boxd.it/5RR01r,3,,,2024-02-19
2024-02-22,A Quiet Place,2018,https://boxd.it/5SZOTX,4,,,2024-02-21
2024-02-23,A Quiet Place Part II,2020,https://boxd.it/5Tod3b,3.5,,,2024-02-22
2024-02-24,Fargo,1996,https://boxd.it/5TNbj7,4.5,,,2024-02-23
2024-02-25,The Secret Life of Walter Mitty,2013,https://boxd.it/5Ufngb,3.5,,,2024-02-24
2024-02-26,Month of Madhu,2023,https://boxd.it/5UNOwX,3.5,,,2024-02-25
2024-02-28,Poor Things,2023,https://boxd.it/5VJfbr,3.5,,,2024-02-27
2024-03-02,Dune,2021,https://boxd.it/5WUpcP,4,Yes,,2024-02-28
2024-03-01,Once Upon a Time... in Hollywood,2019,https://boxd.it/5WyUs1,4,Yes,,2024-02-29
2024-03-02,Dune,2021,https://boxd.it/5WUpt7,4,Yes,,2024-03-01
2024-03-02,Dune: Part Two,2024,https://boxd.it/5XgC4X,4,,,2024-03-02
2024-03-04,Samajavaragamana,2023,https://boxd.it/5Y3MDh,3,Yes,,2024-03-03
2024-03-04,Searching,2018,https://boxd.it/5Y5OTv,3.5,,,2024-03-04
2024-03-04,Bullet Train,2022,https://boxd.it/5Yv5cN,3.5,Yes,,2024-03-04
2024-03-05,Marriage Story,2019,https://boxd.it/5YGc81,4,,,2024-03-05
2024-03-05,Brochevarevarura,2019,https://boxd.it/5YYsGJ,4.5,Yes,,2024-03-05
2024-03-06,Past Lives,2023,https://boxd.it/5Zmunx,3.5,,,2024-03-06
2024-03-07,A Clockwork Orange,1971,https://boxd.it/5ZwSjf,4,,,2024-03-07
2024-03-07,Batman Begins,2005,https://boxd.it/5ZMBM7,3.5,Yes,,2024-03-07
2024-03-08,Southpaw,2015,https://boxd.it/5ZUHeh,3.5,,,2024-03-08
2024-03-08,Gaami,2024,https://boxd.it/60buiz,4,,,2024-03-08
2024-03-10,Merry Christmas,2024,https://boxd.it/60GGK3,3.5,,,2024-03-09
2024-03-10,Ooru Peru Bhairavakona,2024,https://boxd.it/60L4ah,2.5,,,2024-03-09
2024-03-10,Ambulance,2022,https://boxd.it/60OY3n,3,,,2024-03-10
2024-03-11,Badlapur,2015,https://boxd.it/61fHex,3.5,,,2024-03-10
2024-03-11,Brokeback Mountain,2005,https://boxd.it/61swrr,4,,,2024-03-11
2024-03-13,The Gentlemen,2019,https://boxd.it/62j0vx,4,,,2024-03-12
2024-03-13,Edge of Tomorrow,2014,https://boxd.it/62nUBz,4,,,2024-03-13
2024-03-14,Manchester by the Sea,2016,https://boxd.it/62Nd8V,4,,,2024-03-13
2024-03-15,Andhadhun,2018,https://boxd.it/636IR1,4,Yes,,2024-03-14
2024-03-15,End of Watch,2012,https://boxd.it/63aF8v,3.5,,,2024-03-14
2024-03-16,Tropic Thunder,2008,https://boxd.it/63C3hv,3.5,,,2024-03-16
2024-03-17,Heat,1995,https://boxd.it/648tqR,3.5,,,2024-03-17
2024-03-20,Edge of Tomorrow,2014,https://boxd.it/65CLWb,4,Yes,,2024-03-18
2024-03-20,Coherence,2013,https://boxd.it/65CN83,4,Yes,,2024-03-19
2024-03-21,Needi Naadi Oke Katha,2018,https://boxd.it/662mmp,4.5,Yes,,2024-03-20
2024-03-22,Road House,2024,https://boxd.it/66ntOx,3.5,,,2024-03-21
2024-03-25,Om Bheem Bush,2024,https://boxd.it/67Lr6v,3.5,,,2024-03-24
2024-03-25,Scream,1996,https://boxd.it/67OVtZ,3.5,,,2024-03-24
2024-03-25,Appatlo Okadundevadu,2016,https://boxd.it/68cPfl,4,Yes,,2024-03-25
2024-03-25,Burn After Reading,2008,https://boxd.it/68eMQn,3.5,,,2024-03-25
2024-03-28,Godzilla,2014,https://boxd.it/69eNnv,3,,,2024-03-28
2024-03-28,Wonka,2023,https://boxd.it/69xlhd,3.5,,,2024-03-28
2024-03-30,(Tillu)²,2024,https://boxd.it/6a79fh,3.5,,telugu,2024-03-29
2024-03-31,Sundaram Master,2024,https://boxd.it/6aAXMN,3.5,,,2024-03-30
2024-03-31,Stalin,2006,https://boxd.it/6b3G9n,3.5,Yes,,2024-03-31
2024-04-02,Bombay,1995,https://boxd.it/6bJCJ1,4,,,2024-04-01
2024-04-02,Red Eye,2005,https://boxd.it/6bMFSB,3.5,,,2024-04-01
2024-04-04,Parasite,2019,https://boxd.it/6cBYPN,5,,,2024-04-03
2024-04-05,Signs,2002,https://boxd.it/6d3qtf,3.5,,,2024-04-04
2024-04-06,Lover,2024,https://boxd.it/6dsfOr,3.5,,,2024-04-05
2024-04-07,Manjummel Boys,2024,https://boxd.it/6dOSPd,5,,,2024-04-06
2024-04-07,The Lord of the Rings: The Fellowship of the Ring,2001,https://boxd.it/6eh4px,4,,,2024-04-07
2024-04-09,The Lord of the Rings: The Two Towers,2002,https://boxd.it/6fbKIN,4,,,2024-04-09
2024-04-10,I Am Legend,2007,https://boxd.it/6fjfVR,3.5,,,2024-04-10
2024-04-10,The Lord of the Rings: The Return of the King,2003,https://boxd.it/6fz5bL,4.5,,,2024-04-10
2024-04-12,Premalu,2024,https://boxd.it/6gh9t3,3.5,,,2024-04-12
2024-04-13,Yatra 2,2024,https://boxd.it/6gDFbf,2.5,,,2024-04-13
2024-04-14,Instant Family,2018,https://boxd.it/6gGfrn,3.5,,,2024-04-13
2024-04-14,Rear Window,1954,https://boxd.it/6h2pfZ,3.5,,,2024-04-14
2024-04-15,Annayum Rasoolum,2013,https://boxd.it/6hdxdJ,3,,,2024-04-14
2024-04-16,Sorry to Bother You,2018,https://boxd.it/6hIg8f,3,,,2024-04-16
2024-04-17,Good Time,2017,https://boxd.it/6i4AHN,3.5,,,2024-04-17
2024-04-18,Challenge,1984,https://boxd.it/6inH47,4,Yes,,2024-04-17
2024-04-18,Charlie,2015,https://boxd.it/6izekf,3.5,,,2024-04-17
2024-04-18,Moneyball,2011,https://boxd.it/6iBOCt,3.5,,,2024-04-18
2024-04-19,Under the Skin,2013,https://boxd.it/6iJzJP,3.5,,,2024-04-19
2024-04-20,Kumbalangi Nights,2019,https://boxd.it/6j3mQj,4,,,2024-04-19
2024-04-20,"O Brother, Where Art Thou?",2000,https://boxd.it/6jlA11,3.5,,,2024-04-20
2024-04-21,Late Night with the Devil,2023,https://boxd.it/6joMxz,3.5,,,2024-04-20
2024-04-24,My Dear Donga,2024,https://boxd.it/6kZEPt,3,,,2024-04-24
2024-04-25,Monkey Man,2024,https://boxd.it/6l2uqp,3.5,,,2024-04-24
2024-04-27,NH10,2015,https://boxd.it/6lNJzZ,4,,,2024-04-26
2024-04-28,Blade Runner 2049,2017,https://boxd.it/6mesmt,4,Yes,,2024-04-27
2024-04-29,Love Lies Bleeding,2024,https://boxd.it/6mE3xj,3.5,,,2024-04-28
2024-04-29,We're the Millers,2013,https://boxd.it/6mMdxp,3.5,,,2024-04-29
2024-04-29,Lisa Frankenstein,2024,https://boxd.it/6n97Uj,3.5,,,2024-04-29
2024-04-30,The Fall Guy,2024,https://boxd.it/6nuMLT,4,,,2024-04-30
2024-05-02,Deadpool 2,2018,https://boxd.it/6olhuN,4,Yes,,2024-05-01
2024-05-03,Deadpool 2,2018,https://boxd.it/6orLYl,4,Yes,,2024-05-02
2024-05-03,Under the Silver Lake,2018,https://boxd.it/6ovvpn,4,,,2024-05-03
2024-05-03,The Fall Guy,2024,https://boxd.it/6oJkCj,4,Yes,,2024-05-03
2024-05-04,Baby Reindeer,2024,https://boxd.it/6oUqVt,4.5,,,2024-05-04
2024-05-04,Kiss Kiss Bang Bang,2005,https://boxd.it/6pb6X9,3.5,Yes,,2024-05-04
2024-05-05,This Is the End,2013,https://boxd.it/6peHc1,2.5,,,2024-05-04
2024-05-07,X2,2003,https://boxd.it/6qls3r,2.5,,,2024-05-06
2024-05-08,Manjummel Boys,2024,https://boxd.it/6qY6XF,5,Yes,,2024-05-08
2024-05-09,Atomic Blonde,2017,https://boxd.it/6r57xx,3.5,,,2024-05-08
2024-05-09,Aavesham,2024,https://boxd.it/6rlJDF,3.5,,,2024-05-09
2024-05-11,The Ministry of Ungentlemanly Warfare,2024,https://boxd.it/6rPS2j,3.5,,,2024-05-11
2024-05-13,Aapadbandhavudu,1992,https://boxd.it/6sFb8n,4,,,2024-05-13
2024-05-14,Godzilla Minus One,2023,https://boxd.it/6t7r93,4,,,2024-05-14
2024-05-15,Satya,1998,https://boxd.it/6tnRGz,3.5,,,2024-05-14
2024-05-16,Panic Room,2002,https://boxd.it/6tReYz,3.5,,,2024-05-16
2024-05-16,Manjummel Boys,2024,https://boxd.it/6u3Ogd,5,Yes,,2024-05-16
2024-05-18,The Game,1997,https://boxd.it/6uwLGZ,4,,,2024-05-18
2024-05-19,Kodama Simham,1990,https://boxd.it/6vcQJX,3,,,2024-05-19
2024-05-20,Nayakan,1987,https://boxd.it/6vjvXD,4,,,2024-05-19
2024-05-20,Revolutionary Road,2008,https://boxd.it/6vp2xj,3.5,,,2024-05-20
2024-05-21,127 Hours,2010,https://boxd.it/6vOJXT,3.5,,,2024-05-20
2024-05-22,Geethanjali,1989,https://boxd.it/6w9HkH,4.5,,,2024-05-21
2024-05-23,Extra Ordinary Man,2023,https://boxd.it/6ww2ef,2,,,2024-05-22
2024-05-24,Suspiria,2018,https://boxd.it/6wWJZZ,3,,,2024-05-23
2024-05-24,Challengers,2024,https://boxd.it/6x1yrd,3.5,,,2024-05-24
2024-05-25,Aarambham,2024,https://boxd.it/6xl8C5,3,,,2024-05-24
2024-05-26,Civil War,2024,https://boxd.it/6xMJGR,3,,,2024-05-25
2024-05-27,1917,2019,https://boxd.it/6yasZb,3,,,2024-05-26
2024-05-27,Furiosa: A Mad Max Saga,2024,https://boxd.it/6ycyV9,4,,,2024-05-26
2024-05-27,The Witch,2015,https://boxd.it/6yhwFD,3.5,,,2024-05-27
2024-05-28,Prasanna Vadanam,2024,https://boxd.it/6yKwvr,3.5,,,2024-05-27
2024-05-29,I'm Thinking of Ending Things,2020,https://boxd.it/6zdkLF,3.5,,,2024-05-29
2024-05-30,Ammo! Okato Tareekhu,2000,https://boxd.it/6zyLxn,3.5,,,2024-05-29
2024-05-30,It Follows,2014,https://boxd.it/6zBgDP,3.5,,,2024-05-30
2024-05-31,1: Nenokkadine,2014,https://boxd.it/6zUxpN,4.5,Yes,,2024-05-30
2024-05-31,Bujji & Bhairava,2024,https://boxd.it/6Acp2x,3.5,,,2024-05-31
2024-06-01,Dogville,2003,https://boxd.it/6AkxSR,4,,,2024-05-31
2024-06-01,Yevade Subramanyam,2015,https://boxd.it/6AAunN,4,Yes,,2024-06-01
2024-06-02,The Others,2001,https://boxd.it/6AMmYl,3,,,2024-06-01
2024-06-04,Lost Ladies,2023,https://boxd.it/6BF6Zn,3.5,,,2024-06-03
2024-06-05,A Man Called Otto,2022,https://boxd.it/6C5C17,4.5,,,2024-06-05
2024-06-07,Brothers,2009,https://boxd.it/6CNL93,3.5,,,2024-06-07
2024-06-08,Hit Man,2023,https://boxd.it/6D9pkR,3.5,,,2024-06-08
2024-06-16,The Kid Detective,2020,https://boxd.it/6GlMYh,3.5,,,2024-06-16
2024-06-16,Goodnight Mommy,2022,https://boxd.it/6GEYhd,2,,,2024-06-16
2024-06-17,Am I OK?,2022,https://boxd.it/6GN6PX,2.5,,,2024-06-17
2024-06-19,Doctor Sleep,2019,https://boxd.it/6HAozh,3.5,,,2024-06-19
2024-06-20,Once Upon a Time... in Hollywood,2019,https://boxd.it/6HVtGJ,4.5,Yes,,2024-06-19
2024-06-20,The Kid Detective,2020,https://boxd.it/6IcCxl,3.5,Yes,,2024-06-20
2024-06-21,Star,2024,https://boxd.it/6IfHF1,2.5,,,2024-06-20
2024-06-21,Blink,2024,https://boxd.it/6IxEQL,2.5,,,2024-06-21
2024-06-22,Kramer vs. Kramer,1979,https://boxd.it/6IGNbZ,4.5,,,2024-06-22
2024-06-22,12th Fail,2023,https://boxd.it/6IV1aT,4.5,Yes,,2024-06-22
2024-06-22,Tetris,2023,https://boxd.it/6IYiyp,3.5,,,2024-06-22
2024-06-24,Mudhalvan,1999,https://boxd.it/6Jw6eZ,4,Yes,,2024-06-23
2024-06-24,One Flew Over the Cuckoo's Nest,1975,https://boxd.it/6JzKgn,4,,,2024-06-24
2024-06-25,La La Land,2016,https://boxd.it/6JZu3f,4.5,Yes,,2024-06-24
2024-06-27,Possession,1981,https://boxd.it/6KXkZD,3,,,2024-06-27
2024-06-27,Furiosa: A Mad Max Saga,2024,https://boxd.it/6KXlfB,4,Yes,,2024-06-27
2024-06-28,Kalki 2898-AD,2024,https://boxd.it/6L1PdX,4.5,,,2024-06-27
2024-06-29,Star Wars,1977,https://boxd.it/6LJ0iP,3,,,2024-06-29
2024-06-30,Kalki 2898-AD,2024,https://boxd.it/6LOHxN,4.5,Yes,,2024-06-29
2024-07-01,Harry Potter and the Philosopher's Stone,2001,https://boxd.it/6MhBfL,4,Yes,,2024-06-30
2024-07-03,Harry Potter and the Chamber of Secrets,2002,https://boxd.it/6N6U6l,4.5,Yes,,2024-07-02
2024-07-03,Harry Potter and the Prisoner of Azkaban,2004,https://boxd.it/6Nqlef,4.5,Yes,,2024-07-03
2024-07-04,Harry Potter and the Goblet of Fire,2005,https://boxd.it/6NwRIN,4,Yes,,2024-07-03
2024-07-04,Harry Potter and the Order of the Phoenix,2007,https://boxd.it/6NNZd3,3.5,Yes,,2024-07-04
2024-07-05,Harry Potter and the Half-Blood Prince,2009,https://boxd.it/6NXFY9,3.5,Yes,,2024-07-05
2024-07-05,Harry Potter and the Deathly Hallows: Part 1,2010,https://boxd.it/6OfSFP,3.5,Yes,,2024-07-05
2024-07-05,Harry Potter and the Deathly Hallows: Part 2,2011,https://boxd.it/6OfSSz,4,Yes,,2024-07-05
2024-07-06,Monster,2023,https://boxd.it/6Oo3dt,3.5,,,2024-07-06
2024-07-07,Monster,2023,https://boxd.it/6OGwhv,3.5,Yes,,2024-07-06
2024-07-07,10 Things I Hate About You,1999,https://boxd.it/6OKEwV,4,,,2024-07-06
2024-07-08,Kalki 2898-AD,2024,https://boxd.it/6P9Mnn,4.5,Yes,,2024-07-07
2024-07-10,Escape from Pretoria,2020,https://boxd.it/6Q8LQv,3.5,,,2024-07-09
2024-07-11,Hey Ram,2000,https://boxd.it/6QDXOj,4,,,2024-07-10
2024-07-13,The Hunt,2012,https://boxd.it/6RsMS7,4.5,,,2024-07-13
2024-07-13,Maharaja,2024,https://boxd.it/6RN9gP,4,,,2024-07-13
2024-07-15,Indian,1996,https://boxd.it/6SqbXJ,3.5,,,2024-07-14
2024-07-16,Guruvayoorambala Nadayil,2024,https://boxd.it/6SOqNH,3,,,2024-07-15
2024-07-17,Ocean's Eleven,2001,https://boxd.it/6Tn8op,3.5,,,2024-07-17
2024-07-21,Bhala Thandanana,2022,https://boxd.it/6V0JpV,3,,,2024-07-20
2024-07-21,The Goat Life,2024,https://boxd.it/6V9beH,4,,,2024-07-21
2024-07-22,Kill,2023,https://boxd.it/6VwsPr,4,,,2024-07-21
2024-07-22,12th Fail,2023,https://boxd.it/6VCEf3,4.5,Yes,,2024-07-22
2024-07-24,Hot Spot,2024,https://boxd.it/6Wy7wh,3.5,,,2024-07-24
2024-07-25,X-Men: The Last Stand,2006,https://boxd.it/6WZvjv,2.5,,,2024-07-24
2024-07-25,X-Men Origins: Wolverine,2009,https://boxd.it/6Xh7PX,3,,,2024-07-25
2024-07-26,X-Men: First Class,2011,https://boxd.it/6XMHFh,3,,,2024-07-26
2024-07-27,X-Men: Days of Future Past,2014,https://boxd.it/6XTYNr,3,,,2024-07-26
2024-07-28,Deadpool & Wolverine,2024,https://boxd.it/6YimHl,3,,,2024-07-27
2024-07-28,Logan,2017,https://boxd.it/6YoA5H,3.5,,,2024-07-28
2024-08-02,War of the Worlds,2005,https://boxd.it/70PkaN,3,,,2024-08-02
2024-08-04,Brochevarevarura,2019,https://boxd.it/71nzcR,5,Yes,,2024-08-03
2024-08-04,Jungle,2017,https://boxd.it/71nBXl,3.5,,,2024-08-03
2024-08-04,Atonement,2007,https://boxd.it/71pN6H,3.5,,,2024-08-04
2024-08-04,The Incredibles,2004,https://boxd.it/71GqI3,3.5,Yes,,2024-08-04
2024-08-06,Evaru,2019,https://boxd.it/72EmBx,4,Yes,,2024-08-06
2024-08-07,Adaptation.,2002,https://boxd.it/72MWpN,4,,,2024-08-07
2024-08-08,Gone Girl,2014,https://boxd.it/73btRt,4.5,Yes,,2024-08-08
2024-08-09,Aattam,2023,https://boxd.it/73MA8T,3.5,,,2024-08-09
2024-08-10,Kick-Ass,2010,https://boxd.it/74gcqz,4,,,2024-08-10
2024-08-11,Murari,2001,https://boxd.it/74oGRB,4.5,Yes,,2024-08-10
2024-08-12,It,2017,https://boxd.it/74PSk9,3.5,Yes,,2024-08-11
2024-08-12,Indian 2: Zero Tolerance,2024,https://boxd.it/74TL1x,2,,,2024-08-11
2024-08-12,Twisters,2024,https://boxd.it/75gjVj,3.5,,,2024-08-12
2024-08-20,The Instigators,2024,https://boxd.it/78Hker,3,,,2024-08-20
2024-08-28,Longlegs,2024,https://boxd.it/7cEGC1,3,,,2024-08-28
2024-08-29,Saripodhaa Sanivaaram,2024,https://boxd.it/7d55Mn,4,,,2024-08-29
2024-08-31,Saripodhaa Sanivaaram,2024,https://boxd.it/7dCGrd,4,Yes,,2024-08-31
2024-08-31,Kinds of Kindness,2024,https://boxd.it/7dWvnT,2.5,,,2024-08-31
2024-09-01,Do Aur Do Pyaar,2024,https://boxd.it/7e89pn,3,,,2024-09-01
2024-09-02,The Big Lebowski,1998,https://boxd.it/7eu0xL,3,,,2024-09-01
2024-09-02,Idiocracy,2006,https://boxd.it/7eEJVN,2,,,2024-09-02
2024-09-03,Mathu Vadalara,2019,https://boxd.it/7fsXv5,4,Yes,,2024-09-02
2024-09-04,The Piano Teacher,2001,https://boxd.it/7fETdF,4,,,2024-09-04
2024-09-05,Baasha,1995,https://boxd.it/7g1dy3,3.5,,,2024-09-04
2024-09-05,8 A.M. Metro,2023,https://boxd.it/7g6gHd,4,,,2024-09-05
2024-09-08,Phobia,2016,https://boxd.it/7hjnZt,4,,,2024-09-08
2024-09-09,Aruvi,2016,https://boxd.it/7hRf43,4,,,2024-09-08
2024-09-10,Raja Raja Chora,2021,https://boxd.it/7iruhN,4,Yes,,2024-09-10
2024-09-10,Trap,2024,https://boxd.it/7iEl05,3,,,2024-09-10
2024-09-11,The Greatest of All Time,2024,https://boxd.it/7j2Fgb,3,,,2024-09-11
2024-09-13,Ace Ventura: Pet Detective,1994,https://boxd.it/7jxhRT,3,,,2024-09-12
2024-09-13,Crew,2024,https://boxd.it/7jJxCT,3,,,2024-09-13
2024-09-15,Escape from Alcatraz,1979,https://boxd.it/7kpBNP,3.5,,,2024-09-15
2024-09-16,Mathu Vadalara 2,2024,https://boxd.it/7kVLbP,3.5,,,2024-09-15
2024-09-17,Vivarium,2019,https://boxd.it/7lq9VH,3,,,2024-09-16
2024-09-26,Hot Fuzz,2007,https://boxd.it/7pjxvF,4,,,2024-09-26
2024-09-27,Devara : Part 1,2024,https://boxd.it/7pViIP,2,,,2024-09-27
2024-09-28,Wolfs,2024,https://boxd.it/7q6gqV,3,,,2024-09-28
2024-09-29,Nireekshana,1982,https://boxd.it/7qSrTv,4.5,,,2024-09-29
2024-09-30,Meiyazhagan,2024,https://boxd.it/7r0jpN,4.5,,,2024-09-29
2024-10-01,Needi Naadi Oke Katha,2018,https://boxd.it/7rPOm3,4.5,Yes,,2024-10-01
2024-10-02,Saripodhaa Sanivaaram,2024,https://boxd.it/7rVaUL,4,Yes,,2024-10-01
2024-10-02,Vaazha: Biopic of a Billion Boys,2024,https://boxd.it/7sgNkf,2.5,,,2024-10-02
2024-10-03,Speak No Evil,2024,https://boxd.it/7soVdn,4,,,2024-10-03
2024-10-04,Ala Vaikunthapurramuloo,2020,https://boxd.it/7sLxpv,3.5,Yes,,2024-10-03
2024-10-06,Speak No Evil,2024,https://boxd.it/7tM8rR,4,Yes,,2024-10-05
2024-10-07,Swag,2024,https://boxd.it/7ullOJ,3.5,,,2024-10-06
2024-10-08,The Sixth Sense,1999,https://boxd.it/7vcIob,4.5,Yes,,2024-10-08
2024-10-08,Committee Kurrollu,2024,https://boxd.it/7vgg4F,3,,,2024-10-08
2024-10-09,Swag,2024,https://boxd.it/7vDh4x,3.5,Yes,,2024-10-09
2024-10-10,It's What's Inside,2024,https://boxd.it/7vQwOL,3.5,,,2024-10-10
2024-10-12,Mathu Vadalara 2,2024,https://boxd.it/7wYsSJ,3.5,Yes,,2024-10-12
2024-10-14,The Substance,2024,https://boxd.it/7xPaEv,3.5,,,2024-10-14
2024-10-14,Brochevarevarura,2019,https://boxd.it/7ydKhb,5,Yes,,2024-10-14
2024-10-15,13 Going on 30,2004,https://boxd.it/7yoDET,3.5,,,2024-10-15
2024-10-16,I Saw the TV Glow,2024,https://boxd.it/7yTxrh,1.5,,,2024-10-16
2024-10-17,Khaleja,2010,https://boxd.it/7zhSAd,4.5,Yes,,2024-10-16
2024-10-17,Prati Roju Pandaage,2019,https://boxd.it/7zEoR5,2.5,Yes,,2024-10-17
2024-10-18,Apoorva Sagodharargal,1989,https://boxd.it/7zJpmR,3.5,,,2024-10-17
2024-10-19,Caddo Lake,2024,https://boxd.it/7Ad1ER,3.5,,,2024-10-18
2024-10-20,The Descendants,2011,https://boxd.it/7AOLJn,3,,,2024-10-20
2024-10-20,Raghu Thatha,2024,https://boxd.it/7B8Wwp,3,,,2024-10-20
2024-10-23,What You Wish For,2023,https://boxd.it/7CrC43,3.5,,,2024-10-22
2024-10-24,Demonte Colony 2,2024,https://boxd.it/7CQzLt,2.5,,,2024-10-23
2024-10-24,CTRL,2024,https://boxd.it/7CUmA1,3,,,2024-10-23
2024-10-26,Meiyazhagan,2024,https://boxd.it/7DLkY7,4.5,Yes,,2024-10-25
2024-10-26,Woman of the Hour,2023,https://boxd.it/7DPaYp,3,,,2024-10-25
2024-10-27,Among Us,2020,https://boxd.it/7EeAiJ,3,,,2024-10-26
2024-10-27,Swag,2024,https://boxd.it/7Eo3Jd,3.5,Yes,,2024-10-27
2024-10-27,35 - Chinna Katha Kaadu,2024,https://boxd.it/7ELclP,3.5,,,2024-10-27
2024-10-28,The Pursuit of Happyness,2006,https://boxd.it/7EXkFR,4,,,2024-10-27
2024-10-29,Smile,2022,https://boxd.it/7Fzqar,3.5,,,2024-10-29
2024-10-30,Smile 2,2024,https://boxd.it/7FW1GX,3.5,,,2024-10-29
2024-10-31,The Graduate,1967,https://boxd.it/7Gyqut,3.5,,,2024-10-31
2024-11-01,Lucky Baskhar,2024,https://boxd.it/7GW8K7,4,,,2024-10-31
2024-11-02,Lubber Pandhu,2024,https://boxd.it/7HyTVR,3.5,,,2024-11-01
2024-11-02,Jennifer's Body,2009,https://boxd.it/7HD0jX,3,,,2024-11-02
2024-11-09,Swag,2024,https://boxd.it/7L3YYl,4,Yes,,2024-11-08
2024-11-10,A Different Man,2024,https://boxd.it/7LBdUz,3.5,,,2024-11-10
2024-11-14,Vettaiyan,2024,https://boxd.it/7NCFtL,3,,,2024-11-13
2024-11-14,Saturday Night,2024,https://boxd.it/7NFd4p,3,,,2024-11-13
2024-11-15,The Skin I Live In,2011,https://boxd.it/7OaxZ3,3.5,,,2024-11-15
2024-11-16,My Old Ass,2024,https://boxd.it/7OysUP,3,,,2024-11-15
2024-11-16,Fight Club,1999,https://boxd.it/7OBqhH,5,Yes,,2024-11-16
2024-11-17,Fresh,2022,https://boxd.it/7P0CGJ,3.5,,,2024-11-16
2024-11-18,Notting Hill,1999,https://boxd.it/7PNLf1,3.5,,,2024-11-18
2024-11-22,Kishkindha Kaandam,2024,https://boxd.it/7RASyV,3.5,,,2024-11-21
2024-11-22,Totally Killer,2023,https://boxd.it/7RYRX9,2.5,,,2024-11-22
2024-11-29,Lucky Baskhar,2024,https://boxd.it/7Va6QB,4,Yes,,2024-11-28
2024-12-01,Kandukondain Kandukondain,2000,https://boxd.it/7W6MDF,3.5,,,2024-11-30
2024-12-01,Kannum Kannum Kollaiyadithaal,2020,https://boxd.it/7WdybB,4,Yes,,2024-11-30
2024-12-04,We Live in Time,2024,https://boxd.it/7XQ1LD,3,,,2024-12-03
2024-12-04,The Vanishing,1988,https://boxd.it/7XSTeR,4,,,2024-12-04
2024-12-05,The Village,2004,https://boxd.it/7Ydohx,3.5,,,2024-12-04
2024-12-05,Bloody Beggar,2024,https://boxd.it/7YdoJB,3,,,2024-12-04
2024-12-05,Pushpa: The Rise - Part 1,2021,https://boxd.it/7YfPz3,4,Yes,,2024-12-04
2024-12-05,Pushpa 2 - The Rule,2024,https://boxd.it/7Yyi4T,3.5,,,2024-12-05
2024-12-06,The Wolf of Wall Street,2013,https://boxd.it/7YIonH,4.5,Yes,,2024-12-05
2024-12-07,Chitralahari,2019,https://boxd.it/7Z8AdB,3.5,Yes,,2024-12-06
2024-12-07,Lars and the Real Girl,2007,https://boxd.it/7ZuE5v,3.5,,,2024-12-07
2024-12-08,Golam,2024,https://boxd.it/7ZFq5X,3,,,2024-12-08
2024-12-11,Salaar: Part 1 - Ceasefire,2023,https://boxd.it/81cW7r,3.5,Yes,,2024-12-10
2024-12-12,The Man from Earth,2007,https://boxd.it/81Hsgv,3,,,2024-12-11
2024-12-13,I Saw the Devil,2010,https://boxd.it/82eOM5,4,,,2024-12-13
2024-12-14,Mechanic Rocky,2024,https://boxd.it/82BKM7,3,,,2024-12-13
2024-12-14,The Impossible,2012,https://boxd.it/82FzPn,3.5,,,2024-12-14
2024-12-15,Bougainvillea,2024,https://boxd.it/836dC1,3,,,2024-12-14
2024-12-16,Zebra,2024,https://boxd.it/83N4Uh,3,,,2024-12-15
2024-12-17,Sookshmadarshini,2024,https://boxd.it/84hePV,3.5,,,2024-12-16
2024-12-17,Heretic,2024,https://boxd.it/84pfDn,3.5,,,2024-12-16
2024-12-19,Anora,2024,https://boxd.it/85tjq5,3.5,,,2024-12-19
2024-12-19,Carry-On,2024,https://boxd.it/85POfV,3.5,,,2024-12-19
2024-12-20,Red One,2024,https://boxd.it/86iYpf,2.5,,,2024-12-20
2024-12-21,KA,2024,https://boxd.it/86tyNn,3,,,2024-12-20
2024-12-24,Portrait of a Lady on Fire,2019,https://boxd.it/88y8RL,3,,,2024-12-24
2024-12-26,Mission: Impossible – Rogue Nation,2015,https://boxd.it/89Xbvn,3.5,,,2024-12-25
2024-12-26,Leader,2010,https://boxd.it/8aHYhV,3.5,Yes,,2024-12-26
2024-12-27,Mission: Impossible – Fallout,2018,https://boxd.it/8aRQrX,3.5,,,2024-12-26
2024-12-28,The Lobster,2015,https://boxd.it/8bLrtB,3,,,2024-12-27
2024-12-29,"Three Billboards Outside Ebbing, Missouri",2017,https://boxd.it/8cDfYl,3.5,,,2024-12-28
2024-12-29,Pelli Choopulu,2016,https://boxd.it/8dmt9B,4.5,Yes,,2024-12-29
2024-12-30,Anukokunda Oka Roju,2005,https://boxd.it/8dvZff,3.5,,,2024-12-29
2024-12-31,Juror #2,2024,https://boxd.it/8eBIFh,3.5,,,2024-12-31
2025-01-02,Raja Raja Chora,2021,https://boxd.it/8gaZP3,4,Yes,,2025-01-01
2025-01-02,Mysterious Skin,2004,https://boxd.it/8glWol,3.5,,,2025-01-02
2025-01-03,The Guest,2014,https://boxd.it/8hrWyV,3,,,2025-01-02
2025-01-03,April Snow,2005,https://boxd.it/8hzTJd,3,,,2025-01-03
2025-01-04,Bhageeratha,2005,https://boxd.it/8imued,2.5,Yes,,2025-01-03
2025-01-04,There Will Be Blood,2007,https://boxd.it/8iwNyL,3,,,2025-01-04
2025-01-05,A Real Pain,2024,https://boxd.it/8jwkLF,3,,,2025-01-04
2025-01-06,Breakdown,1997,https://boxd.it/8kIS2d,4,,,2025-01-06
2025-01-08,Manu,2018,https://boxd.it/8mnwVh,3,,,2025-01-07
2025-01-09,Stree,2018,https://boxd.it/8namBJ,3,,,2025-01-08
2025-01-11,Spyder,2017,https://boxd.it/8putqV,3.5,Yes,,2025-01-10
2025-01-11,Tenet,2020,https://boxd.it/8qiMNf,4,Yes,,2025-01-11
2025-01-12,Sookshmadarshini,2024,https://boxd.it/8qCR8B,3.5,Yes,,2025-01-11
2025-01-12,Aithe,2003,https://boxd.it/8ruI3v,3.5,,,2025-01-12
2025-01-16,Stree 2,2024,https://boxd.it/8u7X0n,3,,,2025-01-14
2025-01-16,Mission: Impossible – Dead Reckoning,2023,https://boxd.it/8u7Xw9,3.5,,,2025-01-15
2025-01-17,Sankranthiki Vasthunam,2025,https://boxd.it/8uPdAn,3,,,2025-01-16
2025-01-18,Guy Ritchie's The Covenant,2023,https://boxd.it/8vJmNH,3.5,,,2025-01-18
2025-01-19,Pushpa 2 - The Rule,2024,https://boxd.it/8wmmnR,3.5,Yes,,2025-01-18
2025-01-19,Eega,2012,https://boxd.it/8x87Ct,3.5,Yes,,2025-01-19
2025-01-20,Lights Out,2016,https://boxd.it/8xoD4P,2.5,,,2025-01-19
2025-01-21,Drive-Away Dolls,2024,https://boxd.it/8yjXun,3,,,2025-01-21
2025-01-21,Ammoru,1995,https://boxd.it/8yQU51,4,,,2025-01-21
2025-01-26,Game Changer,2025,https://boxd.it/8BHIZb,2.5,,,2025-01-25
2025-01-26,Blue Velvet,1986,https://boxd.it/8BYpNz,3.5,,,2025-01-26
2025-01-30,1: Nenokkadine,2014,https://boxd.it/8F53eN,4.5,Yes,,2025-01-27
2025-01-29,Black,2024,https://boxd.it/8EtLTT,3.5,,,2025-01-29
2025-01-30,Fractured,2019,https://boxd.it/8Fbr2t,3,,,2025-01-30
2025-01-31,Vishaka Express,2008,https://boxd.it/8FHdbv,3,,,2025-01-30
2025-02-01,Bowfinger,1999,https://boxd.it/8GjxpD,3,,,2025-01-31
2025-02-02,Prema,1989,https://boxd.it/8HGc6v,3,,,2025-02-02
2025-02-02,Brochevarevarura,2019,https://boxd.it/8HMouV,5,Yes,,2025-02-02
2025-02-02,Saripodhaa Sanivaaram,2024,https://boxd.it/8HMPCR,4,Yes,,2025-02-02
2025-02-03,Varumayin Niram Sivappu,1980,https://boxd.it/8HYA7j,4,,,2025-02-02
2025-02-03,10 Cloverfield Lane,2016,https://boxd.it/8I3sUH,3,,,2025-02-03
2025-02-04,Forgotten,2017,https://boxd.it/8IH5lT,3.5,,,2025-02-03
2025-02-04,Gaganam,2011,https://boxd.it/8IP0LX,3.5,Yes,,2025-02-03
2025-02-04,Companion,2025,https://boxd.it/8IRP8B,3.5,,,2025-02-04
2025-02-06,The Spectacular Now,2013,https://boxd.it/8JYjkj,3.5,,,2025-02-05
2025-02-08,Oldboy,2003,https://boxd.it/8Lfh3N,4,,,2025-02-08
2025-02-11,Arjun,2004,https://boxd.it/8NmPxf,2.5,Yes,,2025-02-10
2025-02-11,"Synecdoche, New York",2008,https://boxd.it/8NmPVB,3,,,2025-02-10
2025-02-13,Takkari Donga,2002,https://boxd.it/8Owbo7,3.5,Yes,,2025-02-12
2025-02-15,American Psycho,2000,https://boxd.it/8PElQb,4,Yes,,2025-02-14
2025-02-16,The Aviator,2004,https://boxd.it/8Qlok9,4,,,2025-02-15
2025-02-18,Gangs of New York,2002,https://boxd.it/8RZBMp,3,,,2025-02-18
2025-02-19,The Great Indian Kitchen,2023,https://boxd.it/8SA8cL,3.5,,,2025-02-18
2025-02-19,Blood Diamond,2006,https://boxd.it/8SDSFP,3.5,,,2025-02-19
2025-02-22,What Women Want,2000,https://boxd.it/8Ukzjb,3.5,,,2025-02-21
2025-03-01,Interstellar,2014,https://boxd.it/8YMBG9,5,Yes,,2025-03-01
2025-03-02,Dragon,2025,https://boxd.it/8Zr6UB,3.5,,,2025-03-02
2025-03-07,Click,2006,https://boxd.it/92HhBJ,2.5,,,2025-03-06
2025-03-09,The Gorge,2025,https://boxd.it/93URSV,3,,,2025-03-08
2025-03-10,Snowpiercer,2013,https://boxd.it/95jJRp,4,,,2025-03-10
2025-03-11,Nightcrawler,2014,https://boxd.it/95Qq0n,4,Yes,,2025-03-11
2025-03-12,Jarhead,2005,https://boxd.it/964lDd,3,,,2025-03-11
2025-03-13,Kudumbasthan,2025,https://boxd.it/96U4LD,3,,,2025-03-12
2025-03-13,Full Metal Jacket,1987,https://boxd.it/970rVD,3,,,2025-03-13
2025-03-14,Ranam,2006,https://boxd.it/976iBL,3.5,Yes,,2025-03-13
2025-03-14,Wrath of Man,2021,https://boxd.it/97ax0D,3,,,2025-03-14
2025-03-15,The Man from U.N.C.L.E.,2015,https://boxd.it/98106p,3.5,,,2025-03-15
2025-03-16,Novocaine,2025,https://boxd.it/98k7T7,3.5,,,2025-03-16
2025-03-17,Mickey 17,2025,https://boxd.it/994k5L,3,,,2025-03-16
2025-03-18,Unhinged,2020,https://boxd.it/99EK21,3,,,2025-03-17
2025-03-19,The Painted Veil,2006,https://boxd.it/9agrjX,3,,,2025-03-18
2025-03-21,Twelve Monkeys,1995,https://boxd.it/9bnbV5,3.5,,,2025-03-21
2025-03-23,They Live,1988,https://boxd.it/9ceGhr,3.5,,,2025-03-22
2025-03-25,Speak No Evil,2024,https://boxd.it/9dEWBj,4,Yes,,2025-03-24
2025-03-26,Adolescence,2025,https://boxd.it/9edRnr,3.5,,,2025-03-25
2025-03-30,Dragon,2025,https://boxd.it/9gjZEF,3.5,Yes,,2025-03-29
2025-04-01,Court - State Vs. A Nobody,2025,https://boxd.it/9hMumR,3.5,,,2025-04-01
2025-04-03,Final Destination,2000,https://boxd.it/9iJPIn,2.5,,,2025-04-02
