Date,Content
2023-04-12,https://boxd.it/ABdGd
2023-07-23,https://boxd.it/4yqFoX
2023-08-06,https://boxd.it/4wpxhp
2023-08-06,https://boxd.it/4zQMS7
2023-08-07,https://boxd.it/4EA90N
2023-08-10,https://boxd.it/4FCR4n
2023-08-27,https://boxd.it/4KWbM3
2023-09-12,https://boxd.it/4OOi3J
2023-09-15,https://boxd.it/4QvC1X
2023-10-13,https://boxd.it/1FDfv
2023-10-30,https://boxd.it/54EBnR
2023-11-04,https://boxd.it/56njvn
2023-11-08,https://boxd.it/57gxdH
2023-11-08,https://boxd.it/57VLmv
2023-11-08,https://boxd.it/57TC2d
2023-11-13,https://boxd.it/594h57
2023-11-13,https://boxd.it/59jiqP
2023-11-19,https://boxd.it/5beZ6V
2023-11-19,https://boxd.it/58mWyh
2023-11-26,https://boxd.it/7KwI5
2023-11-26,https://boxd.it/CRZNL
2023-11-30,https://boxd.it/1lUTaf
2023-12-02,https://boxd.it/5fFdFj
2023-12-16,https://boxd.it/O07ud
2023-12-19,https://boxd.it/5hYsRb
2023-12-22,https://boxd.it/5n7zDN
2023-12-26,https://boxd.it/1lSQ7N
2023-12-26,https://boxd.it/1psDP7
2023-12-27,https://boxd.it/5pftIr
2024-01-07,https://boxd.it/5vZxst
2024-01-07,https://boxd.it/5w0kMH
2024-01-14,https://boxd.it/5zwOb3
2024-01-16,https://boxd.it/5ze6I7
2024-01-18,https://boxd.it/5CplL5
2024-01-18,https://boxd.it/5CmCIB
2024-01-18,https://boxd.it/5CljZr
2024-01-18,https://boxd.it/5BXxwP
2024-01-18,https://boxd.it/5BH8kn
2024-01-21,https://boxd.it/5DIgl9
2024-01-26,https://boxd.it/5GkGgN
2024-02-15,https://boxd.it/5PQxXN
2024-02-25,https://boxd.it/5U6vrt
2024-02-28,https://boxd.it/5VKEh7
2024-03-01,https://boxd.it/P20ut
2024-03-04,https://boxd.it/4Ff6mj
2024-03-08,https://boxd.it/5ZSkFl
2024-03-08,https://boxd.it/5ZRGXz
2024-03-08,https://boxd.it/5Zj4Z5
2024-03-10,https://boxd.it/60GbnH
2024-03-10,https://boxd.it/60hdab
2024-03-10,https://boxd.it/5Xu4qj
2024-03-11,https://boxd.it/61g45N
2024-03-11,https://boxd.it/61a8bX
2024-03-12,https://boxd.it/61LCTf
2024-03-13,https://boxd.it/62pW47
2024-03-14,https://boxd.it/clGsh
2024-03-14,https://boxd.it/49a2hr
2024-03-14,https://boxd.it/2TrDOp
2024-03-19,https://boxd.it/tr01
2024-03-19,https://boxd.it/5W2nQb
2024-03-19,https://boxd.it/3H7Yxp
2024-03-22,https://boxd.it/66osp9
2024-03-23,https://boxd.it/66JAcp
2024-03-24,https://boxd.it/5iiv0z
2024-03-25,https://boxd.it/2dMblt
2024-03-26,https://boxd.it/68hnTH
2024-03-30,https://boxd.it/69ZR8X
2024-04-11,https://boxd.it/6fV8B7
2024-04-15,https://boxd.it/6hlj2t
2024-04-15,https://boxd.it/6hhMhp
2024-04-15,https://boxd.it/6hhjoB
2024-04-18,https://boxd.it/5Frq6d
2024-04-18,https://boxd.it/6fiyfN
2024-04-23,https://boxd.it/6kk1yB
2024-05-01,https://boxd.it/6nCuZJ
2024-05-01,https://boxd.it/2gErVD
2024-05-01,https://boxd.it/26wMiV
2024-05-01,https://boxd.it/4CveUN
2024-05-01,https://boxd.it/24WHWF
2024-05-03,https://boxd.it/4kDsjv
2024-05-04,https://boxd.it/1qd9mD
2024-05-05,https://boxd.it/6pe0n1
2024-05-06,https://boxd.it/6pJnqf
2024-05-07,https://boxd.it/6qi4Hr
2024-05-07,https://boxd.it/6ofPlX
2024-05-07,https://boxd.it/6qjcIT
2024-05-07,https://boxd.it/6qBngd
2024-05-07,https://boxd.it/6qzrE5
2024-05-13,https://boxd.it/6snbhD
2024-05-18,https://boxd.it/6utk81
2024-05-18,https://boxd.it/6upkuD
2024-05-18,https://boxd.it/6uoMhP
2024-05-21,https://boxd.it/k80C1
2024-05-21,https://boxd.it/6vNTaZ
2024-05-24,https://boxd.it/6wS65v
2024-05-25,https://boxd.it/6xkOdf
2024-05-28,https://boxd.it/6yJjFV
2024-05-29,https://boxd.it/1kUAjj
2024-05-29,https://boxd.it/1l2ySH
2024-05-30,https://boxd.it/6zvRd3
2024-05-30,https://boxd.it/6m7U3P
2024-05-30,https://boxd.it/6zzR57
2024-05-30,https://boxd.it/6zGSlJ
2024-05-31,https://boxd.it/6AdPzJ
2024-06-01,https://boxd.it/6zUJEl
2024-06-01,https://boxd.it/5YTeiX
2024-06-01,https://boxd.it/6AlC1Z
2024-06-01,https://boxd.it/6Ay78V
2024-06-02,https://boxd.it/3W69ZZ
2024-06-02,https://boxd.it/6AM9hD
2024-06-03,https://boxd.it/6Bf2r5
2024-06-04,https://boxd.it/6BM2HX
2024-06-06,https://boxd.it/6CpSnD
2024-06-12,https://boxd.it/6ES7Et
2024-06-16,https://boxd.it/6GhmNJ
2024-06-16,https://boxd.it/6GA1fz
2024-06-16,https://boxd.it/6GDQeN
2024-06-17,https://boxd.it/6GGCqh
2024-06-20,https://boxd.it/6FgAu1
2024-06-20,https://boxd.it/fM2gB
2024-06-21,https://boxd.it/6IdO0Z
2024-06-22,https://boxd.it/6IB5pj
2024-06-23,https://boxd.it/43pfjV
2024-06-24,https://boxd.it/6JAtzJ
2024-06-24,https://boxd.it/4qQ2ir
2024-06-24,https://boxd.it/6JRanD
2024-06-26,https://boxd.it/6KgCAb
2024-06-26,https://boxd.it/6KjuR5
2024-06-26,https://boxd.it/6JPvxv
2024-06-27,https://boxd.it/6KEXT7
2024-06-27,https://boxd.it/6KHmNH
2024-06-27,https://boxd.it/6KDRiH
2024-06-28,https://boxd.it/6L4eTD
2024-06-29,https://boxd.it/6LpDcr
2024-06-29,https://boxd.it/6LngD1
2024-06-30,https://boxd.it/6M1Zwp
2024-07-04,https://boxd.it/6Nuuf5
2024-07-07,https://boxd.it/6OGn6t
2024-07-08,https://boxd.it/6Pbwsb
2024-07-10,https://boxd.it/6Q8RLB
2024-07-12,https://boxd.it/6QXOLZ
2024-07-13,https://boxd.it/6Rt5eZ
2024-07-16,https://boxd.it/6TdbV7
2024-07-17,https://boxd.it/6TleRj
2024-07-17,https://boxd.it/6ThmWN
2024-07-18,https://boxd.it/6THo59
2024-07-19,https://boxd.it/6TSnA3
2024-07-19,https://boxd.it/6TPUkr
2024-07-19,https://boxd.it/6TgMSl
2024-07-19,https://boxd.it/6Udncn
2024-07-23,https://boxd.it/6W59kT
2024-07-24,https://boxd.it/6Wx8bd
2024-07-25,https://boxd.it/6WX9ql
2024-07-25,https://boxd.it/6WQzoB
2024-07-26,https://boxd.it/5sJ0dV
2024-07-26,https://boxd.it/6XzOgx
2024-07-26,https://boxd.it/6XyOV9
2024-07-26,https://boxd.it/6XLjih
2024-07-27,https://boxd.it/6XSjOB
2024-07-28,https://boxd.it/6YkNfx
2024-07-29,https://boxd.it/6YOL4n
2024-08-01,https://boxd.it/706bLP
2024-08-04,https://boxd.it/4GZpVX
2024-08-04,https://boxd.it/4ePc4p
2024-08-06,https://boxd.it/XjhMZ
2024-08-09,https://boxd.it/4lITdN
2024-08-09,https://boxd.it/4FPtiB
2024-08-09,https://boxd.it/73x177
2024-08-10,https://boxd.it/73QR0P
2024-08-11,https://boxd.it/74ke8l
2024-08-11,https://boxd.it/73XyVB
2024-08-12,https://boxd.it/6VtEnt
2024-08-21,https://boxd.it/79p3Zj
2024-08-21,https://boxd.it/1mjQ3b
2024-08-21,https://boxd.it/P6mTX
2024-08-27,https://boxd.it/7bQtbh
2024-08-28,https://boxd.it/7cEQLR
2024-09-01,https://boxd.it/7ercKr
2024-09-03,https://boxd.it/308HLT
2024-09-04,https://boxd.it/7fzXvt
2024-09-05,https://boxd.it/7geMxl
2024-09-05,https://boxd.it/7gdeKt
2024-09-10,https://boxd.it/b8d0X
2024-09-10,https://boxd.it/70E3LZ
2024-09-10,https://boxd.it/70FRlf
2024-09-12,https://boxd.it/7jplfN
2024-09-13,https://boxd.it/7jopLV
2024-09-15,https://boxd.it/7kfytn
2024-09-15,https://boxd.it/7jLQqh
2024-09-15,https://boxd.it/7jM8JV
2024-09-15,https://boxd.it/7kavan
2024-09-15,https://boxd.it/7kn247
2024-09-15,https://boxd.it/7kmLR7
2024-09-15,https://boxd.it/7kGXgR
2024-09-16,https://boxd.it/7kN9Dl
2024-09-18,https://boxd.it/7lKICb
2024-09-18,https://boxd.it/7lH9aF
2024-09-26,https://boxd.it/3dTjTb
2024-09-28,https://boxd.it/7q0BTx
2024-09-29,https://boxd.it/593WDn
2024-09-30,https://boxd.it/7qXFcb
2024-09-30,https://boxd.it/7quBAF
2024-10-01,https://boxd.it/7rpT6x
2024-10-02,https://boxd.it/7dROWN
2024-10-04,https://boxd.it/7sNTrH
2024-10-04,https://boxd.it/7sLP0D
2024-10-04,https://boxd.it/7t1qGL
2024-10-05,https://boxd.it/7ta47R
2024-10-05,https://boxd.it/7tfnsp
2024-10-05,https://boxd.it/7tfWqj
2024-10-11,https://boxd.it/6sbvu9
2024-10-11,https://boxd.it/5Ubph3
2024-10-11,https://boxd.it/7udoMP
2024-10-11,https://boxd.it/7wc2Yl
2024-10-12,https://boxd.it/7wxyc1
2024-10-13,https://boxd.it/7xwSc3
2024-10-14,https://boxd.it/7y4qah
2024-10-17,https://boxd.it/7zlscR
2024-10-17,https://boxd.it/77Fier
2024-10-18,https://boxd.it/7zRFqV
2024-10-18,https://boxd.it/7ud3kF
2024-10-19,https://boxd.it/7A9OQ5
2024-10-19,https://boxd.it/7AbMKj
2024-10-23,https://boxd.it/7f7e13
2024-10-24,https://boxd.it/7akrjv
2024-10-26,https://boxd.it/7DGweP
2024-10-26,https://boxd.it/7DOQ8j
2024-10-26,https://boxd.it/7DNNvR
2024-10-26,https://boxd.it/6smDcT
2024-10-27,https://boxd.it/7EHscB
2024-10-27,https://boxd.it/7Esmhl
2024-10-27,https://boxd.it/7EIVMF
2024-10-28,https://boxd.it/7sZjp5
2024-10-28,https://boxd.it/7Fnx63
2024-10-28,https://boxd.it/7FmW11
2024-10-29,https://boxd.it/74kT0d
2024-10-29,https://boxd.it/7Frm1z
2024-10-29,https://boxd.it/7FvD81
2024-10-31,https://boxd.it/7GyfQN
2024-10-31,https://boxd.it/7GNv4Z
2024-11-01,https://boxd.it/7GYxIT
2024-11-01,https://boxd.it/7HmAFV
2024-11-02,https://boxd.it/7EoEb3
2024-11-02,https://boxd.it/7Ht1GN
2024-11-02,https://boxd.it/7HyQCR
2024-11-09,https://boxd.it/7KYp3z
2024-11-11,https://boxd.it/7M6RfD
2024-11-16,https://boxd.it/oXQIN
2024-11-16,https://boxd.it/7ON6RT
2024-12-06,https://boxd.it/7YDTKn
2024-12-14,https://boxd.it/82AYaJ
2024-12-15,https://boxd.it/83Bshp
2024-12-19,https://boxd.it/85tGJJ
2024-12-20,https://boxd.it/85PzZz
2024-12-21,https://boxd.it/86rSEB
2024-12-21,https://boxd.it/86teWJ
2025-01-02,https://boxd.it/8cNWtv
2025-01-02,https://boxd.it/8g8Bwx
2025-01-03,https://boxd.it/8g4KQD
2025-01-11,https://boxd.it/8p0lsp
2025-02-01,https://boxd.it/8GRUDL
2025-02-02,https://boxd.it/8H7cfR
2025-02-02,https://boxd.it/7QJAWf
2025-02-04,https://boxd.it/21k4TT
2025-02-06,https://boxd.it/avlUh
2025-02-06,https://boxd.it/4acRkJ
2025-02-06,https://boxd.it/8KstG5
2025-02-06,https://boxd.it/8wZT6x
2025-02-08,https://boxd.it/8LF7iZ
2025-02-09,https://boxd.it/8LP8wD
2025-03-22,https://boxd.it/4vuBAh
