Letterboxd list export v7
Date,Name,Tags,URL,Description
2024-04-30,Non Indian movies I have watched!,,https://boxd.it/vamfs,

Position,Name,Year,URL,Description
1,Monkey Man,2024,https://boxd.it/kvsO,
2,Road House,2024,https://boxd.it/cdzQ,
3,Dune: Part Two,2024,https://boxd.it/pUfA,
4,Lisa Frankenstein,2024,https://boxd.it/ByjY,
5,Love Lies Bleeding,2024,https://boxd.it/zN4q,
6,Wonka,2023,https://boxd.it/tCQm,
7,Leave the World Behind,2023,https://boxd.it/re0i,
8,Poison,2023,https://boxd.it/Is7Q,
9,Society of the Snow,2023,https://boxd.it/y9aw,
10,Dumb Money,2023,https://boxd.it/tNdU,
11,The Nun II,2023,https://boxd.it/AyRY,
12,The Killer,2023,https://boxd.it/u6WE,
13,Poor Things,2023,https://boxd.it/tNWU,
14,The Wonderful Story of Henry Sugar,2023,https://boxd.it/yNyo,
15,Saltburn,2023,https://boxd.it/z4eg,
16,The Holdovers,2023,https://boxd.it/vHza,
17,Oppenheimer,2023,https://boxd.it/wUow,
18,Barbie,2023,https://boxd.it/bCLK,
19,No Hard Feelings,2023,https://boxd.it/xouu,
20,Spider-Man: Across the Spider-Verse,2023,https://boxd.it/kSz4,
21,Killers of the Flower Moon,2023,https://boxd.it/gHp0,
22,Guardians of the Galaxy Vol. 3,2023,https://boxd.it/fVNI,
23,Air,2023,https://boxd.it/Arlc,
24,Shazam! Fury of the Gods,2023,https://boxd.it/lV0S,
25,Late Night with the Devil,2023,https://boxd.it/zo6G,
26,John Wick: Chapter 4,2023,https://boxd.it/mh48,
27,Ant-Man and the Wasp: Quantumania,2023,https://boxd.it/nL2y,
28,Past Lives,2023,https://boxd.it/oNB8,
29,Babylon,2022,https://boxd.it/mM02,
30,Avatar: The Way of Water,2022,https://boxd.it/2E2E,
31,Stalled,2022,https://boxd.it/D3na,
32,KM 9,2022,https://boxd.it/HejG,
33,The Menu,2022,https://boxd.it/lScm,
34,Glass Onion,2022,https://boxd.it/oCkK,
35,The Banshees of Inisherin,2022,https://boxd.it/p7XS,
36,The Whale,2022,https://boxd.it/tw4c,
37,Fall,2022,https://boxd.it/Bf6G,
38,Bullet Train,2022,https://boxd.it/qW26,
39,The Gray Man,2022,https://boxd.it/rb7q,
40,Thor: Love and Thunder,2022,https://boxd.it/mMAY,
41,Ms. Marvel,2022,https://boxd.it/ANCY,
42,Aftersun,2022,https://boxd.it/Arw0,
43,Doctor Strange in the Multiverse of Madness,2022,https://boxd.it/gaTc,
44,Under the Banner of Heaven,2022,https://boxd.it/zMlA,
45,Moon Knight,2022,https://boxd.it/zeDq,
46,Fantastic Beasts: The Secrets of Dumbledore,2022,https://boxd.it/bg8Q,
47,Ambulance,2022,https://boxd.it/sFxg,
48,X,2022,https://boxd.it/sxVa,
49,The Adam Project,2022,https://boxd.it/q2Dg,
50,The Batman,2022,https://boxd.it/eDGs,
51,Cha Cha Real Smooth,2022,https://boxd.it/uF8E,
52,Harry Potter 20th Anniversary: Return to Hogwarts,2022,https://boxd.it/xXJk,
53,Spider-Man: No Way Home,2021,https://boxd.it/nwRw,
54,Don't Look Up,2021,https://boxd.it/o0Hc,
55,Hawkeye,2021,https://boxd.it/xQqK,
56,Eternals,2021,https://boxd.it/j36o,
57,Squid Game,2021,https://boxd.it/x1OG,
58,Venom: Let There Be Carnage,2021,https://boxd.it/llco,
59,The Guilty,2021,https://boxd.it/kOPW,
60,Dune,2021,https://boxd.it/fA7G,
61,Shang-Chi and the Legend of the Ten Rings,2021,https://boxd.it/kLDI,
62,Free Guy,2021,https://boxd.it/k8dm,
63,The Tomorrow War,2021,https://boxd.it/lE78,
64,The Worst Person in the World,2021,https://boxd.it/oyws,
65,Black Widow,2021,https://boxd.it/hWV8,
66,Loki,2021,https://boxd.it/sbHg,
67,Friends: The Reunion,2021,https://boxd.it/pOQq,
68,The Falcon and the Winter Soldier,2021,https://boxd.it/sbH6,
69,Zack Snyder's Justice League,2021,https://boxd.it/tLOk,
70,Nobody,2021,https://boxd.it/mLqS,
71,WandaVision,2021,https://boxd.it/sbGW,
72,Shiva Baby,2020,https://boxd.it/oIv0,
73,Tenet,2020,https://boxd.it/leq4,
74,Shithouse,2020,https://boxd.it/nCFc,
75,Normal People,2020,https://boxd.it/q2VY,
76,Defending Jacob,2020,https://boxd.it/q2VE,
77,A Quiet Place Part II,2020,https://boxd.it/iTx0,
78,Palm Springs,2020,https://boxd.it/lCXQ,
79,The Heist of the Century,2020,https://boxd.it/mvuY,
80,Little Women,2019,https://boxd.it/aSVk,
81,The Gentlemen,2019,https://boxd.it/iYBQ,
82,Zombieland: Double Tap,2019,https://boxd.it/bgb6,
83,Guns Akimbo,2019,https://boxd.it/gkFu,
84,The Fall Guy,2024,https://boxd.it/s0Bm,
85,Jojo Rabbit,2019,https://boxd.it/iEBG,
86,Knives Out,2019,https://boxd.it/jWEA,
87,Joker,2019,https://boxd.it/h4cS,
88,Uncut Gems,2019,https://boxd.it/gXGc,
89,Ford v Ferrari,2019,https://boxd.it/ce74,
90,Marriage Story,2019,https://boxd.it/hJAw,
91,It Chapter Two,2019,https://boxd.it/h10u,
92,Ready or Not,2019,https://boxd.it/kOf0,
93,The Lion King,2019,https://boxd.it/eSjI,
94,Spider-Man: Far From Home,2019,https://boxd.it/fegG,
95,Midsommar,2019,https://boxd.it/jhxe,
96,Toy Story 4,2019,https://boxd.it/9ALu,
97,Parasite,2019,https://boxd.it/hTha,
98,Once Upon a Time... in Hollywood,2019,https://boxd.it/gH0O,
99,The Lighthouse,2019,https://boxd.it/icFU,
100,John Wick: Chapter 3 – Parabellum,2019,https://boxd.it/gmFw,
101,Aladdin,2019,https://boxd.it/eSjy,
102,Avengers: Endgame,2019,https://boxd.it/9vE4,
103,Shazam!,2019,https://boxd.it/8WBu,
104,Captain Marvel,2019,https://boxd.it/9vSA,
105,Escape Room,2019,https://boxd.it/iYlS,
106,Spider-Man: Into the Spider-Verse,2018,https://boxd.it/azpY,
107,Aquaman,2018,https://boxd.it/9ru0,
108,Instant Family,2018,https://boxd.it/hHpQ,
109,Fantastic Beasts: The Crimes of Grindelwald,2018,https://boxd.it/bg8G,
110,Other Side of the Box,2018,https://boxd.it/lXsa,
111,Venom,2018,https://boxd.it/b8wA,
112,Maniac,2018,https://boxd.it/jX9y,
113,Ant-Man and the Wasp,2018,https://boxd.it/cqUW,
114,Deadpool 2,2018,https://boxd.it/dlLM,
115,Avengers: Infinity War,2018,https://boxd.it/9vEe,
116,Ready Player One,2018,https://boxd.it/aZes,
117,A Quiet Place,2018,https://boxd.it/fVJQ,
118,Game Night,2018,https://boxd.it/fRtu,
119,When We First Met,2018,https://boxd.it/fn3G,
120,Black Panther,2018,https://boxd.it/8MHs,
121,Hereditary,2018,https://boxd.it/hNVe,
122,Sorry to Bother You,2018,https://boxd.it/f21E,
123,Searching,2018,https://boxd.it/hDPg,
124,Justice League,2017,https://boxd.it/4w68,
125,Blade Runner 2049,2017,https://boxd.it/b8wK,
126,Thor: Ragnarok,2017,https://boxd.it/8MHi,
127,It,2017,https://boxd.it/bC8e,
128,Battle of the Sexes,2017,https://boxd.it/cNxw,
129,Lady Bird,2017,https://boxd.it/dGNE,
130,The Hitman's Bodyguard,2017,https://boxd.it/dCmO,
131,Dunkirk,2017,https://boxd.it/d0Y6,
132,Spider-Man: Homecoming,2017,https://boxd.it/aboM,
133,Good Time,2017,https://boxd.it/fcFu,
134,Pirates of the Caribbean: Dead Men Tell No Tales,2017,https://boxd.it/5a9m,
135,The Killing of a Sacred Deer,2017,https://boxd.it/dZ5G,
136,Wonder Woman,2017,https://boxd.it/9roG,
137,Bad Genius,2017,https://boxd.it/ggpM,
138,Guardians of the Galaxy Vol. 2,2017,https://boxd.it/8MxC,
139,Gifted,2017,https://boxd.it/e5dG,
140,Life,2017,https://boxd.it/dRqG,
141,Baby Driver,2017,https://boxd.it/bhF2,
142,John Wick: Chapter 2,2017,https://boxd.it/ayGu,
143,Get Out,2017,https://boxd.it/eOCm,
144,Passengers,2016,https://boxd.it/8lFu,
145,Fantastic Beasts and Where to Find Them,2016,https://boxd.it/7FPC,
146,Doctor Strange,2016,https://boxd.it/8MH8,
147,Split,2016,https://boxd.it/dgSy,
148,The Edge of Seventeen,2016,https://boxd.it/d5nu,
149,Snowden,2016,https://boxd.it/9CWO,
150,Hacksaw Ridge,2016,https://boxd.it/azew,
151,Nocturnal Animals,2016,https://boxd.it/bkFu,
152,Arrival,2016,https://boxd.it/aNGk,
153,La La Land,2016,https://boxd.it/a5fa,
154,War Dogs,2016,https://boxd.it/9SlO,
155,Suicide Squad,2016,https://boxd.it/9row,
156,Now You See Me 2,2016,https://boxd.it/99fw,
157,Paterson,2016,https://boxd.it/cRk2,
158,The BFG,2016,https://boxd.it/81cs,
159,Train to Busan,2016,https://boxd.it/dSQU,
160,The Nice Guys,2016,https://boxd.it/94Hg,
161,Captain America: Civil War,2016,https://boxd.it/89Ja,
162,Batman v Superman: Dawn of Justice,2016,https://boxd.it/6fBW,
163,The Night Manager,2016,https://boxd.it/dsfS,
164,Zootopia,2016,https://boxd.it/84xS,
165,Deadpool,2016,https://boxd.it/9fOC,
166,Manchester by the Sea,2016,https://boxd.it/b2L0,
167,The Revenant,2015,https://boxd.it/8H5e,
168,The Hateful Eight,2015,https://boxd.it/8gw8,
169,The Big Short,2015,https://boxd.it/ajZw,
170,The Man Who Knew Infinity,2015,https://boxd.it/bTpm,
171,The Intern,2015,https://boxd.it/7AOE,
172,The Martian,2015,https://boxd.it/8SeG,
173,Room,2015,https://boxd.it/7T0y,
174,Ant-Man,2015,https://boxd.it/3vmW,
175,Sicario,2015,https://boxd.it/8i7u,
176,Mad Max: Fury Road,2015,https://boxd.it/2DjO,
177,Avengers: Age of Ultron,2015,https://boxd.it/3qi6,
178,The Age of Adaline,2015,https://boxd.it/9ghu,
179,Southpaw,2015,https://boxd.it/9Phu,
180,Demolition,2015,https://boxd.it/9GuY,
181,Fifty Shades of Grey,2015,https://boxd.it/6qLo,
182,Me and Earl and the Dying Girl,2015,https://boxd.it/9SAE,
183,Ex Machina,2015,https://boxd.it/7T2k,
184,The Interview,2014,https://boxd.it/6KQ4,
185,Interstellar,2014,https://boxd.it/4VZ8,
186,Gone Girl,2014,https://boxd.it/6hQu,
187,John Wick,2014,https://boxd.it/7dEc,
188,Nightcrawler,2014,https://boxd.it/780m,
189,Birdman or (The Unexpected Virtue of Ignorance),2014,https://boxd.it/5RFA,
190,Stand by Me Doraemon,2014,https://boxd.it/7VEK,
191,Guardians of the Galaxy,2014,https://boxd.it/3VH2,
192,Edge of Tomorrow,2014,https://boxd.it/4pD0,
193,Godzilla,2014,https://boxd.it/47OE,
194,The Amazing Spider-Man 2,2014,https://boxd.it/3utM,
195,Captain America: The Winter Soldier,2014,https://boxd.it/3r58,
196,Predestination,2014,https://boxd.it/6bJM,
197,Chef,2014,https://boxd.it/6lCG,
198,The Grand Budapest Hotel,2014,https://boxd.it/3ZqO,
199,Whiplash,2014,https://boxd.it/7bQA,
200,The Secret Life of Walter Mitty,2013,https://boxd.it/3SWy,
201,The Wolf of Wall Street,2013,https://boxd.it/3C1m,
202,Oldboy,2013,https://boxd.it/35AS,
203,Thor: The Dark World,2013,https://boxd.it/2DqA,
204,Her,2013,https://boxd.it/4O24,
205,Coherence,2013,https://boxd.it/6xza,
206,Enemy,2013,https://boxd.it/5xtO,
207,Begin Again,2013,https://boxd.it/5Ybs,
208,Locke,2013,https://boxd.it/6hHC,
209,Prisoners,2013,https://boxd.it/4E5i,
210,Under the Skin,2013,https://boxd.it/3mDa,
211,Gravity,2013,https://boxd.it/GZY,
212,Phineas and Ferb: Mission Marvel,2013,https://boxd.it/8MDq,
213,We're the Millers,2013,https://boxd.it/4srQ,
214,About Time,2013,https://boxd.it/43bI,
215,World War Z,2013,https://boxd.it/2p2E,
216,Man of Steel,2013,https://boxd.it/FRk,
217,Now You See Me,2013,https://boxd.it/2Bsu,
218,The Great Gatsby,2013,https://boxd.it/JY,
219,Iron Man 3,2013,https://boxd.it/2cBQ,
220,Doraemon: Nobita's Secret Gadget Museum,2013,https://boxd.it/6uNS,
221,Before Midnight,2013,https://boxd.it/4ive,
222,Don Jon,2013,https://boxd.it/4sdk,
223,Whiplash,2013,https://boxd.it/cJds,
224,Django Unchained,2012,https://boxd.it/2cCk,
225,Life of Pi,2012,https://boxd.it/37pC,
226,The Perks of Being a Wallflower,2012,https://boxd.it/2ZA8,
227,Silver Linings Playbook,2012,https://boxd.it/2TTo,
228,End of Watch,2012,https://boxd.it/2F5O,
229,The Place Beyond the Pines,2012,https://boxd.it/3mDu,
230,Frances Ha,2012,https://boxd.it/41Xg,
231,The Dark Knight Rises,2012,https://boxd.it/H3m,
232,The Amazing Spider-Man,2012,https://boxd.it/27PI,
233,Ted,2012,https://boxd.it/2pgc,
234,The Avengers,2012,https://boxd.it/1xFW,
235,The Hunger Games,2012,https://boxd.it/2uds,
236,Ben 10: Destroy All Aliens,2012,https://boxd.it/3lEG,
237,Journey 2: The Mysterious Island,2012,https://boxd.it/2o8m,
238,Mission: Impossible – Ghost Protocol,2011,https://boxd.it/psI,
239,Sherlock Holmes: A Game of Shadows,2011,https://boxd.it/k3S,
240,Moneyball,2011,https://boxd.it/glS,
241,Captain America: The First Avenger,2011,https://boxd.it/28b0,
242,"Crazy, Stupid, Love.",2011,https://boxd.it/D9A,
243,Harry Potter and the Deathly Hallows: Part 2,2011,https://boxd.it/1RYk,
244,Drive,2011,https://boxd.it/IG,
245,Midnight in Paris,2011,https://boxd.it/i4a,
246,Pirates of the Caribbean: On Stranger Tides,2011,https://boxd.it/27Z4,
247,Thor,2011,https://boxd.it/1WQU,
248,Source Code,2011,https://boxd.it/fdo,
249,Harry Potter and the Deathly Hallows: Part 1,2010,https://boxd.it/1RYu,
250,Love & Other Drugs,2010,https://boxd.it/UIi,
251,The Social Network,2010,https://boxd.it/17ue,
252,Easy A,2010,https://boxd.it/17DK,
253,The Town,2010,https://boxd.it/1zyS,
254,Black Swan,2010,https://boxd.it/Sw0,
255,Scott Pilgrim vs. the World,2010,https://boxd.it/1Aq6,
256,Inception,2010,https://boxd.it/1skk,
257,Toy Story 3,2010,https://boxd.it/1WRe,
258,Iron Man 2,2010,https://boxd.it/1WZM,
259,Shutter Island,2010,https://boxd.it/1U82,
260,Buried,2010,https://boxd.it/1tXC,
261,Sherlock Holmes,2009,https://boxd.it/1W2A,
262,Avatar,2009,https://boxd.it/1Efm,
263,Zombieland,2009,https://boxd.it/1En6,
264,Triangle,2009,https://boxd.it/1tQG,
265,Orphan,2009,https://boxd.it/1CgM,
266,Harry Potter and the Half-Blood Prince,2009,https://boxd.it/29FU,
267,Inglourious Basterds,2009,https://boxd.it/1JzG,
268,(500) Days of Summer,2009,https://boxd.it/1EmM,
269,The Curious Case of Benjamin Button,2008,https://boxd.it/23Fk,
270,The Reader,2008,https://boxd.it/20Dq,
271,Burn After Reading,2008,https://boxd.it/23BW,
272,Tropic Thunder,2008,https://boxd.it/20WM,
273,The Dark Knight,2008,https://boxd.it/2b0k,
274,Iron Man,2008,https://boxd.it/28dA,
275,I Am Legend,2007,https://boxd.it/21DG,
276,The Darjeeling Limited,2007,https://boxd.it/24as,
277,Into the Wild,2007,https://boxd.it/22m2,
278,Ben 10: Secret of the Omnitrix,2007,https://boxd.it/1Miy,
279,Harry Potter and the Order of the Phoenix,2007,https://boxd.it/29Qe,
280,No Country for Old Men,2007,https://boxd.it/21ew,
281,Pirates of the Caribbean: At World's End,2007,https://boxd.it/2aGu,
282,Spider-Man 3,2007,https://boxd.it/2a7Y,
283,Superbad,2007,https://boxd.it/20hO,
284,Zodiac,2007,https://boxd.it/27MO,
285,Apocalypto,2006,https://boxd.it/28yy,
286,The Prestige,2006,https://boxd.it/293w,
287,Death Note,2006,https://boxd.it/psEs,
288,The Departed,2006,https://boxd.it/28MA,
289,Children of Men,2006,https://boxd.it/1Y2i,
290,Pirates of the Caribbean: Dead Man's Chest,2006,https://boxd.it/2bfk,
291,Babel,2006,https://boxd.it/292o,
292,Mission: Impossible III,2006,https://boxd.it/29cI,
293,Cars,2006,https://boxd.it/29ho,
294,Doraemon: Nobita's Dinosaur,2006,https://boxd.it/2svO,
295,Little Miss Sunshine,2006,https://boxd.it/29EW,
296,Harry Potter and the Goblet of Fire,2005,https://boxd.it/29Qo,
297,Tom and Jerry: The Fast and the Furry,2005,https://boxd.it/Xns,
298,Pride & Prejudice,2005,https://boxd.it/24u8,
299,Brokeback Mountain,2005,https://boxd.it/2b2q,
300,The 40 Year Old Virgin,2005,https://boxd.it/21hK,
301,Red Eye,2005,https://boxd.it/1TNy,
302,Batman Begins,2005,https://boxd.it/2aIg,
303,Kiss Kiss Bang Bang,2005,https://boxd.it/23c8,
304,Tom and Jerry Blast Off to Mars!,2005,https://boxd.it/1CrA,
305,The Incredibles,2004,https://boxd.it/1XLm,
306,The Polar Express,2004,https://boxd.it/23am,
307,Collateral,2004,https://boxd.it/28F0,
308,Spider-Man 2,2004,https://boxd.it/2a88,
309,The Terminal,2004,https://boxd.it/2a2O,
310,Harry Potter and the Prisoner of Azkaban,2004,https://boxd.it/29Qy,
311,Mean Girls,2004,https://boxd.it/1VNg,
312,Shaun of the Dead,2004,https://boxd.it/29J8,
313,Eternal Sunshine of the Spotless Mind,2004,https://boxd.it/6YK,
314,The Girl Next Door,2004,https://boxd.it/1VSq,
315,Before Sunset,2004,https://boxd.it/2bcg,
316,The Machinist,2004,https://boxd.it/248c,
317,The Lord of the Rings: The Return of the King,2003,https://boxd.it/2b5u,
318,The Lord of the Rings,2003,https://boxd.it/2b5Y,
319,Lost in Translation,2003,https://boxd.it/2b0E,
320,Pirates of the Caribbean: The Curse of the Black Pearl,2003,https://boxd.it/70G,
321,Finding Nemo,2003,https://boxd.it/72i,
322,Bruce Almighty,2003,https://boxd.it/2aCC,
323,Memories of Murder,2003,https://boxd.it/1TSo,
324,Mystic River,2003,https://boxd.it/2aAG,
325,The Lord of the Rings: The Two Towers,2002,https://boxd.it/2b5E,
326,Catch Me If You Can,2002,https://boxd.it/29VS,
327,Harry Potter and the Chamber of Secrets,2002,https://boxd.it/29QI,
328,Phone Booth,2002,https://boxd.it/285G,
329,Signs,2002,https://boxd.it/26t2,
330,Punch-Drunk Love,2002,https://boxd.it/20E4,
331,Spider-Man,2002,https://boxd.it/2a8i,
332,40 Days and 40 Nights,2002,https://boxd.it/26no,
333,The Lord of the Rings: The Fellowship of the Ring,2001,https://boxd.it/2b5O,
334,Harry Potter and the Philosopher's Stone,2001,https://boxd.it/29QS,
335,"Monsters, Inc.",2001,https://boxd.it/2a46,
336,Mulholland Drive,2001,https://boxd.it/297o,
337,Donnie Darko,2001,https://boxd.it/2b2A,
338,Cast Away,2000,https://boxd.it/20i8,
339,Unbreakable,2000,https://boxd.it/1XV2,
340,Memento,2000,https://boxd.it/2bcK,
341,Snatch,2000,https://boxd.it/2b7U,
342,X-Men,2000,https://boxd.it/1a7s,
343,Mission: Impossible II,2000,https://boxd.it/29cS,
344,Requiem for a Dream,2000,https://boxd.it/29VI,
345,"O Brother, Where Art Thou?",2000,https://boxd.it/2b3I,
346,Gladiator,2000,https://boxd.it/2b9m,
347,American Psycho,2000,https://boxd.it/28Vs,
348,Magnolia,1999,https://boxd.it/2aze,
349,The Green Mile,1999,https://boxd.it/2agG,
350,Toy Story 2,1999,https://boxd.it/29qq,
351,Fight Club,1999,https://boxd.it/2a9q,
352,American Beauty,1999,https://boxd.it/71Y,
353,Being John Malkovich,1999,https://boxd.it/2ahu,
354,The Sixth Sense,1999,https://boxd.it/29Js,
355,Eyes Wide Shut,1999,https://boxd.it/2axs,
356,The Matrix,1999,https://boxd.it/2a1m,
357,You've Got Mail,1998,https://boxd.it/1Yye,
358,Saving Private Ryan,1998,https://boxd.it/29ro,
359,The Truman Show,1998,https://boxd.it/18U8,
360,Good Will Hunting,1997,https://boxd.it/2ahY,
361,Titanic,1997,https://boxd.it/2a2k,
362,Boogie Nights,1997,https://boxd.it/23um,
363,L.A. Confidential,1997,https://boxd.it/27oC,
364,Scream,1996,https://boxd.it/24EC,
365,Mission: Impossible,1996,https://boxd.it/29d2,
366,Fargo,1996,https://boxd.it/2aHM,
367,Primal Fear,1996,https://boxd.it/28ws,
368,Doraemon: Nobita and the Galaxy Super-express,1996,https://boxd.it/3B2y,
369,Jumanji,1995,https://boxd.it/1ZLI,
370,Heat,1995,https://boxd.it/2bg8,
371,Toy Story,1995,https://boxd.it/29qA,
372,Se7en,1995,https://boxd.it/29zs,
373,The Usual Suspects,1995,https://boxd.it/29XE,
374,Before Sunrise,1995,https://boxd.it/2bcU,
375,The Shawshank Redemption,1994,https://boxd.it/2aHi,
376,Chungking Express,1994,https://boxd.it/1UDa,
377,Forrest Gump,1994,https://boxd.it/728,
378,Pulp Fiction,1994,https://boxd.it/29Pq,
379,Doraemon: Nobita's Three Visionary Swordsmen,1994,https://boxd.it/52H6,
380,Schindler's List,1993,https://boxd.it/2aq2,
381,Sleepless in Seattle,1993,https://boxd.it/29re,
382,Jurassic Park,1993,https://boxd.it/2aA2,
383,Groundhog Day,1993,https://boxd.it/2b3e,
384,Home Alone 2: Lost in New York,1992,https://boxd.it/29F6,
385,Aladdin,1992,https://boxd.it/29yE,
386,Basic Instinct,1992,https://boxd.it/2asM,
387,Doraemon: Nobita and the Kingdom of Clouds,1992,https://boxd.it/4l4A,
388,Reservoir Dogs,1992,https://boxd.it/2agc,
389,Doraemon: Nobita's Dorabian Nights,1991,https://boxd.it/5HFA,
390,The Silence of the Lambs,1991,https://boxd.it/2aHW,
391,Home Alone,1990,https://boxd.it/29Fg,
392,GoodFellas,1990,https://boxd.it/29FA,
393,Back to the Future Part III,1990,https://boxd.it/2aTS,
394,Back to the Future Part II,1989,https://boxd.it/2aYI,
395,When Harry Met Sally...,1989,https://boxd.it/29W2,
396,Dead Poets Society,1989,https://boxd.it/2aSg,
397,Indiana Jones and the Last Crusade,1989,https://boxd.it/2baO,
398,Ferris Bueller's Day Off,1986,https://boxd.it/1YPY,
399,Back to the Future,1985,https://boxd.it/2b8e,
400,Doraemon: Nobita's Little Star Wars,1985,https://boxd.it/52HU,
401,Ghostbusters,1984,https://boxd.it/g2w,
402,Indiana Jones and the Temple of Doom,1984,https://boxd.it/2bb8,
403,Scarface,1983,https://boxd.it/2b7g,
404,The King of Comedy,1982,https://boxd.it/2aJS,
405,The Thing,1982,https://boxd.it/294O,
406,Raiders of the Lost Ark,1981,https://boxd.it/2bbs,
407,The Blue Lagoon,1980,https://boxd.it/22KS,
408,The Shining,1980,https://boxd.it/29Nu,
409,Taxi Driver,1976,https://boxd.it/2b8y,
410,Chinatown,1974,https://boxd.it/29vU,
411,The Godfather,1972,https://boxd.it/2aNK,
412,A Clockwork Orange,1971,https://boxd.it/2aVE,
413,2001: A Space Odyssey,1968,https://boxd.it/2bf0,
414,12 Angry Men,1957,https://boxd.it/2auI,
415,Rear Window,1954,https://boxd.it/2a6Q,
